Kod;BölünmeSonrasıSermaye(TL);Tarih;BedelliOran(%);BedelliNom.Tutar(TL);Diğer(*);BedelsizIKOran(%);BedelsizTemettüOran(%);NakitTem.Brüt(%);NakitTemettü(TL);HisseBaşıBrüt(TL)
TCELL;2200000000.0;2025-12-26;0.0;0.0;Nakit Temettü;0.0;0.0;181.81818;4000000000.0;1.8181818181818181
BIMAS;600000000.0;2025-12-17;0.0;0.0;Nakit Temettü;0.0;0.0;500.0;3000000000.0;5.0
ASELS;4560000000.0;2025-11-25;0.0;0.0;Nakit Temettü;0.0;0.0;23.46491;1070000000.0;0.23464912280701755
TUPRS;1926795598.0;2025-09-30;0.0;0.0;Nakit Temettü;0.0;0.0;742.16486;14300000000.0;7.421648676612764
BIMAS;600000000.0;2025-09-17;0.0;0.0;Nakit Temettü;0.0;0.0;400.0;2400000000.0;4.0
THYAO;1380000000.0;2025-09-02;0.0;0.0;Nakit Temettü;0.0;0.0;344.20289;4750000000.0;3.4420289855072466
ASTOR;998000000.0;2025-08-18;0.0;0.0;Nakit Temettü;0.0;0.0;151.20876;1509063425.0;1.512087600200401
EREGL;7000000000.0;2025-07-02;0.0;0.0;Nakit Temettü;0.0;0.0;25.0;1750000000.0;0.25
TCELL;2200000000.0;2025-06-20;0.0;0.0;Nakit Temettü;0.0;0.0;181.81818;4000000000.0;1.8181818181818181
ULKER;369275855.0;2025-06-19;0.0;0.0;Nakit Temettü;0.0;0.0;806.98479;2979999983.0;8.069847900020433
BIMAS;600000000.0;2025-06-18;0.0;0.0;Nakit Temettü;0.0;0.0;400.0;2400000000.0;4.0
EKGYO;3800000000.0;2025-06-16;0.0;0.0;Nakit Temettü;0.0;0.0;40.0;1520000000.0;0.4
THYAO;1380000000.0;2025-06-16;0.0;0.0;Nakit Temettü;0.0;0.0;344.20289;4750000000.0;3.4420289855072466
ENKAI;6000000000.0;2025-06-11;0.0;0.0;Nakit Temettü;0.0;0.0;31.66666;1900000000.0;0.31666666666666665
SISE;3063214056.17;2025-05-30;0.0;0.0;Nakit Temettü;0.0;0.0;65.29089;2000000000.0;0.6529089914469253
MGROS;181054233.0;2025-05-28;0.0;0.0;Nakit Temettü;0.0;0.0;690.40087;1250000000.0;6.904008701083503
AEFES;592105263.0;2025-05-27;0.0;0.0;Nakit Temettü;0.0;0.0;127.4;754342105.0;1.273999999895289
BIMAS;600000000.0;2025-05-13;-1.18577;-7200000.0;Sermaye Azaltılması;0.0;0.0;0.0;0.0;0.0
FROTO;3509100000.0;2025-05-07;0.0;0.0;Bedelsiz Sermaye Artırımı;900.0;0.0;0.0;0.0;0.0
ENKAI;6000000000.0;2025-04-16;0.0;0.0;Nakit Temettü;0.0;0.0;200.0;12000000000.0;2.0
KCHOL;2535898050.0;2025-04-10;0.0;0.0;Nakit Temettü;0.0;0.0;688.0;17446978584.0;6.88
FROTO;350910000.0;2025-04-03;0.0;0.0;Nakit Temettü;0.0;0.0;1710.0;6000561000.0;17.1
TOASO;500000000.0;2025-04-03;0.0;0.0;Nakit Temettü;0.0;0.0;1200.0;6000000000.0;12.0
CIMSA;945591094.0;2025-04-02;0.0;0.0;Nakit Temettü;0.0;0.0;63.45237;600000000.0;0.6345237426696829
SAHOL;2100375969.18;2025-04-02;0.0;0.0;Nakit Temettü;0.0;0.0;300.0;6301127908.0;3.0000000002190084
TUPRS;1926795598.0;2025-03-28;0.0;0.0;Nakit Temettü;0.0;0.0;778.49461;15000000000.0;7.784946164279123
GARAN;4200000000.0;2025-03-28;0.0;0.0;Nakit Temettü;0.0;0.0;438.92854;18434998680.0;4.3892854
ISCTR;24999970000.0;2025-03-28;0.0;0.0;Nakit Temettü;0.0;0.0;18.20695;5162078805.0;0.20648339998007997
AKBNK;5200000000.0;2025-03-26;0.0;0.0;Nakit Temettü;0.0;0.0;122.2;6354400000.0;1.222
BIMAS;607200000.0;2024-12-18;0.0;0.0;Nakit Temettü;0.0;0.0;400.0;2428800000.0;4.0
SASA;43815615361.0;2024-12-09;0.0;0.0;Rüçhan Hakkı Kısıtlanarak;0.0;0.0;0.0;0.0;0.0
TCELL;2200000000.0;2024-12-05;0.0;0.0;Nakit Temettü;0.0;0.0;285.31809;6276998060.0;2.8531809363636365
EREGL;7000000000.0;2024-11-27;0.0;0.0;Bedelsiz Sermaye Artırımı;100.0;0.0;0.0;0.0;0.0
ASELS;4560000000.0;2024-11-25;0.0;0.0;Nakit Temettü;0.0;0.0;11.18421;510000000.0;0.1118421052631579
FROTO;350910000.0;2024-11-22;0.0;0.0;Nakit Temettü;0.0;0.0;1425.0;5000467500.0;14.25
MGROS;181054233.0;2024-11-13;0.0;0.0;Nakit Temettü;0.0;0.0;287.20676;520000000.0;2.8720676196507373
BIMAS;607200000.0;2024-10-02;0.0;0.0;Nakit Temettü;0.0;0.0;400.0;2428800000.0;4.0
TUPRS;1926795598.0;2024-09-27;0.0;0.0;Nakit Temettü;0.0;0.0;1193.69174;23000000000.0;11.936917451894656
HEKTS;8430000000.0;2024-09-18;233.20158;5900000000.0;Bedelli Sermaye Artırımı;0.0;0.0;0.0;0.0;0.0
SASA;43280112945.0;2024-08-12;0.0;0.0;Bedelsiz Sermaye Artırımı;700.0;0.0;0.0;0.0;0.0
ASTOR;998000000.0;2024-07-31;0.0;0.0;Nakit Temettü;0.0;0.0;132.04826;1317841635.0;1.3204826002004009
BIMAS;607200000.0;2024-07-17;0.0;0.0;Nakit Temettü;0.0;0.0;200.0;1214400000.0;2.0
SISE;3063214056.17;2024-05-31;0.0;0.0;Nakit Temettü;0.0;0.0;71.81998;2199999722.0;0.718199799837268
AEFES;592105263.0;2024-05-28;0.0;0.0;Nakit Temettü;0.0;0.0;235.0;1391447368.0;2.3499999999155556
MGROS;181054233.0;2024-05-27;0.0;0.0;Nakit Temettü;0.0;0.0;690.40087;1250000000.0;6.904008701083503
SASA;6028536386.300003;2024-05-24;0.0;0.0;Rüçhan Hakkı Kısıtlanarak;0.0;0.0;0.0;0.0;0.0
ENKAI;6000000000.0;2024-05-14;0.0;0.0;Nakit Temettü;0.0;0.0;125.0;7500000000.0;1.25
PGSUS;500000000.0;2024-05-14;0.0;0.0;Bedelsiz Sermaye Artırımı;388.75995;0.0;0.0;0.0;0.0
SAHOL;2100375969.18;2024-05-02;0.0;0.0;Nakit Temettü;0.0;0.0;294.3;6181406477.0;2.9429999998587206
CIMSA;945591094.0;2024-04-29;0.0;0.0;Nakit Temettü;0.0;0.0;105.75395;1000000000.0;1.0575395711161384
KCHOL;2535898050.0;2024-04-24;0.0;0.0;Nakit Temettü;0.0;0.0;800.0;20287184400.0;8.0
EREGL;3500000000.0;2024-04-16;0.0;0.0;Nakit Temettü;0.0;0.0;50.0;1750000000.0;0.5
FROTO;350910000.0;2024-04-08;0.0;0.0;Nakit Temettü;0.0;0.0;4330.0;15194403000.0;43.3
TOASO;500000000.0;2024-04-04;0.0;0.0;Nakit Temettü;0.0;0.0;2000.0;10000000000.0;20.0
TUPRS;1926795598.0;2024-04-03;0.0;0.0;Nakit Temettü;0.0;0.0;1037.99282;20000000000.0;10.379928219038831
YKBNK;8447051284.0;2024-04-03;0.0;0.0;Nakit Temettü;0.0;0.0;120.76403;10200999547.0;1.2076403000325386
ISCTR;24999970000.0;2024-04-01;0.0;0.0;Nakit Temettü;0.0;0.0;28.90582;7226446328.0;0.28905819998984
GARAN;4200000000.0;2024-03-29;0.0;0.0;Nakit Temettü;0.0;0.0;311.899;13099758000.0;3.11899
AKBNK;5200000000.0;2024-03-26;0.0;0.0;Nakit Temettü;0.0;0.0;191.75;9971000000.0;1.9175
ISCTR;24999970000.0;2024-02-27;0.0;0.0;Bedelsiz Sermaye Artırımı;149.99751;0.0;0.0;0.0;0.0
SAHOL;2100375969.18;2024-02-05;0.0;0.0;Birleşme;0.0;0.0;0.0;0.0;0.0
ENKAI;6000000000.0;2024-01-03;0.0;0.0;Nakit Temettü;0.0;0.0;50.0;3000000000.0;0.5
BIMAS;607200000.0;2023-12-20;0.0;0.0;Nakit Temettü;0.0;0.0;300.0;1821600000.0;3.0
TCELL;2200000000.0;2023-12-20;0.0;0.0;Nakit Temettü;0.0;0.0;102.72727;2260000000.0;1.0272727272727273
KRDMD;780226001.6;2023-11-28;0.0;0.0;Nakit Temettü;0.0;0.0;10.96491;85551078.0;0.10964909888232569
ASELS;4560000000.0;2023-11-22;0.0;0.0;Nakit Temettü;0.0;0.0;8.77192;400000000.0;0.08771929824561403
FROTO;350910000.0;2023-10-30;0.0;0.0;Nakit Temettü;0.0;0.0;2976.0;10443081600.0;29.76
SASA;5940176062.300003;2023-10-23;0.0;0.0;Rüçhan Hakkı Kısıtlanarak;0.0;0.0;0.0;0.0;0.0
CIMSA;945591094.0;2023-09-29;0.0;0.0;Bedelsiz Sermaye Artırımı;600.0;0.0;0.0;0.0;0.0
TUPRS;1926795598.0;2023-09-29;0.0;0.0;Nakit Temettü;0.0;0.0;752.54479;14500000000.0;7.525447958803153
AEFES;592105263.0;2023-09-18;0.0;0.0;Nakit Temettü;0.0;0.0;106.57;631006578.8;1.0657000000352976
ULKER;369275855.0;2023-09-01;0.0;0.0;Birleşme;0.0;0.0;0.0;0.0;0.0
ASELS;4560000000.0;2023-08-25;0.0;0.0;Bedelsiz Temettü;0.0;100.0;0.0;0.0;0.0
SASA;5917064414.190003;2023-08-08;0.0;0.0;Rüçhan Hakkı Kısıtlanarak;0.0;0.0;0.0;0.0;0.0
KOZAL;3202500000.0;2023-07-14;0.0;0.0;Nakit Temettü;0.0;0.0;40.0;1281000000.0;0.4
KRDMD;780226001.6;2023-06-21;0.0;0.0;Nakit Temettü;0.0;0.0;10.96491;85551078.0;0.10964909888232569
BIMAS;607200000.0;2023-06-14;0.0;0.0;Nakit Temettü;0.0;0.0;200.0;1214400000.0;2.0
SISE;3063214056.17;2023-05-31;0.0;0.0;Nakit Temettü;0.0;0.0;68.55544;2100000000.0;0.6855544410192715
MGROS;181054233.0;2023-05-30;0.0;0.0;Nakit Temettü;0.0;0.0;260.69536;472000000.0;2.606953685529131
AEFES;592105263.0;2023-05-23;0.0;0.0;Nakit Temettü;0.0;0.0;106.57;631006578.8;1.0657000000352976
SASA;5914482103.190003;2023-05-23;0.0;0.0;Bedelsiz Sermaye Artırımı;2.28445;127.71554;0.0;0.0;0.0
ASTOR;998000000.0;2023-05-02;0.0;0.0;Nakit Temettü;0.0;0.0;52.90333;527975233.0;0.5290332995991984
GARAN;4200000000.0;2023-04-14;0.0;0.0;Nakit Temettü;0.0;0.0;208.96127;8776373677.11;2.089612780264286
EKGYO;3800000000.0;2023-04-12;0.0;0.0;Nakit Temettü;0.0;0.0;23.9;908200000.0;0.239
ENKAI;6000000000.0;2023-04-12;0.0;0.0;Nakit Temettü;0.0;0.0;36.3333;2180000000.0;0.36333333333333334
TUPRS;1926795598.0;2023-04-04;0.0;0.0;Bedelsiz Sermaye Artırımı;600.0;0.0;0.0;0.0;0.0
CIMSA;135084442.0;2023-04-03;0.0;0.0;Nakit Temettü;0.0;0.0;296.11107;400000000.0;2.961110799125187
SAHOL;2040403931.0;2023-04-03;0.0;0.0;Nakit Temettü;0.0;0.0;175.0;3570706879.25;1.75
ISCTR;10000263995.12;2023-04-03;0.0;0.0;Nakit Temettü;0.0;0.0;92.30436;9230408308.692;0.9230164636849906
AKBNK;5200000000.0;2023-03-30;0.0;0.0;Nakit Temettü;0.0;0.0;173.0;8996000000.0;1.73
KCHOL;2535898050.0;2023-03-27;0.0;0.0;Nakit Temettü;0.0;0.0;173.3;4394711321.0;1.7330000001380181
TOASO;500000000.0;2023-03-21;0.0;0.0;Nakit Temettü;0.0;0.0;600.0;3000000000.0;6.0
YKBNK;8447051284.0;2023-03-20;0.0;0.0;Nakit Temettü;0.0;0.0;93.65389;7910999720.0;0.9365397999873206
FROTO;350910000.0;2023-03-13;0.0;0.0;Nakit Temettü;0.0;0.0;1425.0;5000467500.0;14.25
TUPRS;275256514.0;2023-03-10;0.0;0.0;Nakit Temettü;0.0;0.0;4541.2186;12500000011.0;45.41218599825761
KOZAL;3202500000.0;2023-02-17;0.0;0.0;Bedelsiz Sermaye Artırımı;2000.0;0.0;0.0;0.0;0.0
ASTOR;998000000.0;2023-01-11;0.0;0.0;Birincil Halka Arz;0.0;0.0;0.0;0.0;0.0
SASA;2921113521.0900035;2023-01-02;0.0;0.0;Rüçhan Hakkı Kısıtlanarak;0.0;0.0;0.0;0.0;0.0
BIMAS;607200000.0;2022-12-14;0.0;0.0;Nakit Temettü;0.0;0.0;150.0;1639440000.0;2.7
SASA;2882155400.0900035;2022-12-05;0.0;0.0;Rüçhan Hakkı Kısıtlanarak;0.0;0.0;0.0;0.0;0.0
FROTO;350910000.0;2022-11-30;0.0;0.0;Nakit Temettü;0.0;0.0;570.0;2000187000.0;5.7
KRDMD;780226001.6;2022-11-28;0.0;0.0;Nakit Temettü;0.0;0.0;43.85964;342204316.0;0.4385964006560224
ASELS;2280000000.0;2022-11-16;0.0;0.0;Nakit Temettü;0.0;0.0;20.17543;460000000.0;0.20175438596491227
SASA;2874352549.0900035;2022-11-07;0.0;0.0;Rüçhan Hakkı Kısıtlanarak;0.0;0.0;0.0;0.0;0.0
HEKTS;2530000000.0;2022-10-12;150.0;1290000000.0;Bedelli ve Bedelsiz Sermaye Artırımı;44.18604;0.0;0.0;0.0;0.0
TCELL;2200000000.0;2022-07-26;0.0;0.0;Nakit Temettü;0.0;0.0;57.17157;1257774540.0;0.5717157
KOZAL;152500000.0;2022-07-07;0.0;0.0;Nakit Temettü;0.0;0.0;17.549319999;2676271299.6;17.549319997377047
KRDMD;780226001.6;2022-06-28;0.0;0.0;Nakit Temettü;0.0;0.0;43.85964;342204316.0;0.4385964006560224
BIMAS;607200000.0;2022-06-15;0.0;0.0;Nakit Temettü;0.0;0.0;150.0;1639440000.0;2.7
ISCTR;10000263995.12;2022-06-14;0.0;0.0;Bedelsiz Sermaye Artırımı;122.21771;0.0;0.0;0.0;0.0
ENKAI;6000000000.0;2022-06-06;0.0;0.0;Bedelsiz Temettü;0.0;7.14285;0.0;0.0;0.0
SISE;3063214056.17;2022-05-31;0.0;0.0;Nakit Temettü;0.0;0.0;40.80681;1250000000.0;0.4080681196543283
GARAN;4200000000.0;2022-05-25;0.0;0.0;Nakit Temettü;0.0;0.0;31.12692;1307330640.0;0.3112692
AEFES;592105263.0;2022-05-20;0.0;0.0;Nakit Temettü;0.0;0.0;185.45;1098059210.0;1.8544999996056444
SASA;2858522304.0900035;2022-05-05;0.0;0.0;Bedelsiz Temettü;0.0;100.0;0.0;0.0;0.0
TTKOM;3500000000.0;2022-04-28;0.0;0.0;Nakit Temettü;0.0;0.0;141.559;4954565000.0;1.41559
EKGYO;3800000000.0;2022-04-25;0.0;0.0;Nakit Temettü;0.0;0.0;10.27;390260000.0;0.1027
ENKAI;5600000000.0;2022-04-13;0.0;0.0;Nakit Temettü;0.0;0.0;50.0;2800000000.0;0.5
YKBNK;8447051284.0;2022-04-13;0.0;0.0;Nakit Temettü;0.0;0.0;11.83845;1000000000.0;0.11838450677979807
KCHOL;2535898050.0;2022-04-07;0.0;0.0;Nakit Temettü;0.0;0.0;90.2;2287380041.0;0.9019999999605662
SAHOL;2040403931.0;2022-04-01;0.0;0.0;Nakit Temettü;0.0;0.0;75.0;1530302948.0;0.7499999998774752
CIMSA;135084442.0;2022-03-31;0.0;0.0;Nakit Temettü;0.0;0.0;148.05553;200000000.0;1.4805553995625935
AKBNK;5200000000.0;2022-03-30;0.0;0.0;Nakit Temettü;0.0;0.0;23.3;1211600000.0;0.233
ISCTR;4500263995.120001;2022-03-29;0.0;0.0;Nakit Temettü;0.0;0.0;29.92807;1212078829.18;0.2693350502313542
FROTO;350910000.0;2022-03-24;0.0;0.0;Nakit Temettü;0.0;0.0;1300.0;4561830000.0;13.0
EREGL;3500000000.0;2022-03-22;0.0;0.0;Nakit Temettü;0.0;0.0;445.0;15575000000.0;4.45
TOASO;500000000.0;2022-03-22;0.0;0.0;Nakit Temettü;0.0;0.0;640.0;3200000000.0;6.4
ENKAI;5600000000.0;2022-01-05;0.0;0.0;Nakit Temettü;0.0;0.0;20.0;1120000000.0;0.2
ASELS;2280000000.0;2021-11-19;0.0;0.0;Nakit Temettü;0.0;0.0;17.54385;400000000.0;0.17543859649122806
FROTO;350910000.0;2021-11-19;0.0;0.0;Nakit Temettü;0.0;0.0;377.0;1322930700.0;3.77
BIMAS;607200000.0;2021-11-17;0.0;0.0;Nakit Temettü;0.0;0.0;200.0;1214400000.0;2.0
TCELL;2200000000.0;2021-10-27;0.0;0.0;Nakit Temettü;0.0;0.0;39.17859;861928980.0;0.3917859
TTKOM;3500000000.0;2021-10-01;0.0;0.0;Nakit Temettü;0.0;0.0;17.83366;624178100.0;0.1783366
TCELL;2200000000.0;2021-07-30;0.0;0.0;Nakit Temettü;0.0;0.0;39.17859;861928980.0;0.3917859
TTKOM;3500000000.0;2021-07-01;0.0;0.0;Nakit Temettü;0.0;0.0;17.83366;624178100.0;0.1783366
SISE;3063214056.17;2021-05-31;0.0;0.0;Nakit Temettü;0.0;0.0;16.32272;500000000.0;0.16322724786173132
AEFES;592105263.0;2021-05-28;0.0;0.0;Nakit Temettü;0.0;0.0;193.48;1145605263.0;1.93480000024928
ULKER;342000000.0;2021-05-25;0.0;0.0;Nakit Temettü;0.0;0.0;80.87719;276599990.0;0.8087719005847953
BIMAS;607200000.0;2021-05-20;0.0;0.0;Nakit Temettü;0.0;0.0;200.0;1214400000.0;2.0
EKGYO;3800000000.0;2021-05-05;0.0;0.0;Nakit Temettü;0.0;0.0;2.17;82460000.0;0.0217
HEKTS;860000000.0;2021-04-30;175.76924;400000000.0;Bedelli ve Bedelsiz Sermaye Artırımı;102.13462;0.0;0.0;0.0;0.0
TCELL;2200000000.0;2021-04-30;0.0;0.0;Nakit Temettü;0.0;0.0;39.17859;861928980.0;0.3917859
SASA;1738522304.0900035;2021-04-27;0.0;0.0;Bedelsiz Temettü;0.0;34.93975;0.0;0.0;0.0
KCHOL;2535898050.0;2021-04-14;0.0;0.0;Nakit Temettü;0.0;0.0;58.5;1483500359.0;0.5849999999014156
ENKAI;5600000000.0;2021-04-13;0.0;0.0;Nakit Temettü;0.0;0.0;35.71428;2000000000.0;0.35714285714285715
SAHOL;2040403931.0;2021-04-05;0.0;0.0;Nakit Temettü;0.0;0.0;35.0;714141376.0;0.35000000007351484
GARAN;4200000000.0;2021-04-05;0.0;0.0;Nakit Temettü;0.0;0.0;14.85238;623799960.0;0.1485238
ISCTR;4500263995.120001;2021-04-02;0.0;0.0;Nakit Temettü;0.0;0.0;15.13527;681082770.44;0.15134284814814264
TTKOM;3500000000.0;2021-04-01;0.0;0.0;Nakit Temettü;0.0;0.0;17.83366;624178100.0;0.1783366
YKBNK;8447051284.0;2021-04-01;0.0;0.0;Nakit Temettü;0.0;0.0;5.91922;500000000.0;0.05919225338989904
AKBNK;5200000000.0;2021-03-26;0.0;0.0;Nakit Temettü;0.0;0.0;12.04;626080000.0;0.1204
EREGL;3500000000.0;2021-03-24;0.0;0.0;Nakit Temettü;0.0;0.0;185.0;6475000000.0;1.85
FROTO;350910000.0;2021-03-24;0.0;0.0;Nakit Temettü;0.0;0.0;642.0;2252842200.0;6.42
TOASO;500000000.0;2021-03-23;0.0;0.0;Nakit Temettü;0.0;0.0;300.0;1500000000.0;3.0
BIMAS;607200000.0;2021-01-08;0.0;0.0;Nakit Temettü;0.0;0.0;200.0;1214400000.0;2.0
ASELS;2280000000.0;2020-12-18;0.0;0.0;Nakit Temettü;0.0;0.0;4.89766;55833324.0;0.0244883
TCELL;2200000000.0;2020-11-30;0.0;0.0;Nakit Temettü;0.0;0.0;36.8919;811621800.0;0.368919
PETKM;2534400000.0;2020-11-20;0.0;0.0;Bedelsiz Temettü;0.0;20.0;0.0;0.0;0.0
ASELS;2280000000.0;2020-10-16;0.0;0.0;Nakit Temettü;0.0;0.0;4.89766;55833324.0;0.0244883
SISE;3063214056.17;2020-10-01;0.0;0.0;Birleşme;0.0;0.0;0.0;0.0;0.0
ASELS;2280000000.0;2020-08-05;0.0;0.0;Bedelsiz Temettü;0.0;100.0;0.0;0.0;0.0
TTKOM;3500000000.0;2020-07-28;0.0;0.0;Nakit Temettü;0.0;0.0;17.19;601650000.0;0.1719
EKGYO;3800000000.0;2020-07-23;0.0;0.0;Nakit Temettü;0.0;0.0;2.017;76646000.0;0.02017
ASELS;1140000000.0;2020-07-17;0.0;0.0;Nakit Temettü;0.0;0.0;9.79532;111666648.0;0.0979532
EREGL;3500000000.0;2020-07-17;0.0;0.0;Nakit Temettü;0.0;0.0;23.0;805000000.0;0.23
AEFES;592105263.0;2020-07-14;0.0;0.0;Nakit Temettü;0.0;0.0;177.4;1050394737.0;1.7740000007397334
SISE;2250000000.0;2020-05-29;0.0;0.0;Nakit Temettü;0.0;0.0;14.22222;320000000.0;0.14222222222222222
ENKAI;5600000000.0;2020-05-27;0.0;0.0;Bedelsiz Temettü;0.0;12.0;0.0;0.0;0.0
BIMAS;607200000.0;2020-05-13;0.0;0.0;Nakit Temettü;0.0;0.0;50.0;303600000.0;0.5
ENKAI;5000000000.0;2020-04-14;0.0;0.0;Nakit Temettü;0.0;0.0;18.0;900000000.0;0.18
KCHOL;2535898050.0;2020-04-06;0.0;0.0;Nakit Temettü;0.0;0.0;20.95;531270641.5;0.20950000000985844
SAHOL;2040403931.0;2020-04-01;0.0;0.0;Nakit Temettü;0.0;0.0;33.0;673333297.2;0.32999999998529705
TAVHL;363281250.0;2020-03-25;0.0;0.0;Nakit Temettü;0.0;0.0;108.04059;392491240.0;1.0804059939784947
TOASO;500000000.0;2020-03-25;0.0;0.0;Nakit Temettü;0.0;0.0;240.0;1200000000.0;2.4
FROTO;350910000.0;2020-03-23;0.0;0.0;Nakit Temettü;0.0;0.0;312.0;1094839200.0;3.12
ASELS;1140000000.0;2019-12-18;0.0;0.0;Nakit Temettü;0.0;0.0;5.08771;57999894.0;0.0508771
BIMAS;607200000.0;2019-12-11;0.0;0.0;Nakit Temettü;0.0;0.0;40.0;242880000.0;0.4
HEKTS;227571122.0;2019-12-02;0.0;0.0;Nakit Temettü;0.0;0.0;16.66666;37928501.52;0.16666658399654066
KRDMD;780226001.6;2019-11-27;0.0;0.0;Nakit Temettü;0.0;0.0;13.15789;102599719.2;0.13149999998667053
FROTO;350910000.0;2019-11-19;0.0;0.0;Nakit Temettü;0.0;0.0;123.0;431619300.0;1.23
BIMAS;607200000.0;2019-11-18;0.0;0.0;Nakit Temettü;0.0;0.0;60.0;364320000.0;0.6
ENKAI;5000000000.0;2019-11-13;0.0;0.0;Nakit Temettü;0.0;0.0;14.0;700000000.0;0.14
HEKTS;227571122.0;2019-10-31;200.0;151714066.76;Bedelli Sermaye Artırımı;0.0;0.0;0.0;0.0;0.0
TCELL;2200000000.0;2019-10-31;0.0;0.0;Nakit Temettü;0.0;0.0;45.90909;1010000000.0;0.4590909090909091
ASELS;1140000000.0;2019-09-18;0.0;0.0;Nakit Temettü;0.0;0.0;5.08771;57999894.0;0.0508771
BIMAS;607200000.0;2019-07-24;0.0;0.0;Bedelsiz Temettü;0.0;100.0;0.0;0.0;0.0
KRDMD;780226001.6;2019-06-26;0.0;0.0;Nakit Temettü;0.0;0.0;13.15789;102599719.2;0.13149999998667053
ASELS;1140000000.0;2019-06-19;0.0;0.0;Nakit Temettü;0.0;0.0;5.08771;57999894.0;0.0508771
PETKM;2112000000.0;2019-06-19;0.0;0.0;Bedelsiz Temettü;28.0;0.0;0.0;0.0;0.0
SASA;1448522304.0900035;2019-06-17;0.0;0.0;Nakit Temettü;0.0;0.0;25.19915;152454857.5;0.10524853988753442
BIMAS;303600000.0;2019-06-12;0.0;0.0;Nakit Temettü;0.0;0.0;120.0;364320000.0;1.2
AEFES;592105263.0;2019-05-31;0.0;0.0;Nakit Temettü;0.0;0.0;50.68;300078947.0;0.5067999995129244
EKGYO;3800000000.0;2019-05-31;0.0;0.0;Nakit Temettü;0.0;0.0;3.235;122930000.0;0.03235
SISE;2250000000.0;2019-05-31;0.0;0.0;Nakit Temettü;0.0;0.0;17.77777;400000000.0;0.17777777777777778
EREGL;3500000000.0;2019-05-08;0.0;0.0;Nakit Temettü;0.0;0.0;138.0;4830000000.0;1.38
SASA;1448522304.0900035;2019-04-30;0.0;0.0;Bedelsiz Temettü;0.0;37.19008;0.0;0.0;0.0
ENKAI;5000000000.0;2019-04-17;0.0;0.0;Nakit Temettü;0.0;0.0;15.0;750000000.0;0.15
SAHOL;2040403931.0;2019-04-03;0.0;0.0;Nakit Temettü;0.0;0.0;30.0;612121179.0;0.29999999985297027
FROTO;350910000.0;2019-04-01;0.0;0.0;Nakit Temettü;0.0;0.0;243.0;852711300.0;2.43
KCHOL;2535898050.0;2019-04-01;0.0;0.0;Nakit Temettü;0.0;0.0;39.8;1009287424.0;0.39800000003943375
TUPRS;275256514.0;2019-03-28;0.0;0.0;Nakit Temettü;0.0;0.0;1515.0;3793850880.0;13.782964932848056
TAVHL;363281250.0;2019-03-20;0.0;0.0;Nakit Temettü;0.0;0.0;208.54003;757586827.7;2.0854002999053765
TOASO;500000000.0;2019-03-19;0.0;0.0;Nakit Temettü;0.0;0.0;176.0;880000000.0;1.76
AKBNK;5200000000.0;2019-01-03;30.0;1200000000.0;Bedelli Sermaye Artırımı;0.0;0.0;0.0;0.0;0.0
PGSUS;102299707.0;2018-12-19;0.0;0.0;Birleşme;0.0;0.0;0.0;0.0;0.0
ULKER;342000000.0;2018-12-19;0.0;0.0;Nakit Temettü;0.0;0.0;25.73099;87999985.8;0.2573099
TCELL;2200000000.0;2018-12-17;0.0;0.0;Nakit Temettü;0.0;0.0;28.78788;633333360.0;0.2878788
ASELS;1140000000.0;2018-12-13;0.0;0.0;Nakit Temettü;0.0;0.0;2.47369;28199952.0;0.0247368
ENKAI;5000000000.0;2018-12-12;0.0;0.0;Nakit Temettü;0.0;0.0;4.0;200000000.0;0.04
FROTO;350910000.0;2018-11-20;0.0;0.0;Nakit Temettü;0.0;0.0;115.0;403546500.0;1.15
BIMAS;303600000.0;2018-11-07;0.0;0.0;Nakit Temettü;0.0;0.0;80.0;242880000.0;0.8
TCELL;2200000000.0;2018-09-17;0.0;0.0;Nakit Temettü;0.0;0.0;28.78788;633333360.0;0.2878788
ASELS;1140000000.0;2018-09-13;0.0;0.0;Nakit Temettü;0.0;0.0;2.47368;28199952.0;0.0247368
MGROS;181054233.0;2018-09-03;0.0;0.0;Birleşme;0.0;0.0;0.0;0.0;0.0
PETKM;1650000000.0;2018-07-04;0.0;0.0;Bedelsiz Sermaye Artırımı;10.0;0.0;0.0;0.0;0.0
ASELS;1140000000.0;2018-06-19;0.0;0.0;Nakit Temettü;0.0;0.0;2.47368;28199952.0;0.0247368
TCELL;2200000000.0;2018-06-18;0.0;0.0;Nakit Temettü;0.0;0.0;28.78788;633333360.0;0.2878788
BIMAS;303600000.0;2018-06-06;0.0;0.0;Nakit Temettü;0.0;0.0;110.0;333960000.0;1.1
YKBNK;8447051284.0;2018-06-06;94.3168;4100000000.0;Bedelli Sermaye Artırımı;0.0;0.0;0.0;0.0;0.0
ASELS;1140000000.0;2018-06-05;0.0;0.0;Rüçhan Hakkı Kısıtlanarak;0.0;0.0;0.0;0.0;0.0
EKGYO;3800000000.0;2018-05-31;0.0;0.0;Nakit Temettü;0.0;0.0;17.552;666976000.0;0.17552
SISE;2250000000.0;2018-05-31;0.0;0.0;Nakit Temettü;0.0;0.0;13.33333;299999925.0;0.1333333
AEFES;592105263.0;2018-05-29;0.0;0.0;Nakit Temettü;0.0;0.0;42.24;250105263.1;0.4224000000148622
EREGL;3500000000.0;2018-05-29;0.0;0.0;Nakit Temettü;0.0;0.0;84.0;2940000000.0;0.84
ENKAI;5000000000.0;2018-05-24;0.0;0.0;Bedelsiz Temettü;0.0;8.69565;0.0;0.0;0.0
SASA;1223522304.0900035;2018-05-15;0.0;0.0;Bedelsiz Temettü;0.0;46.66666;0.0;0.0;0.0
PETKM;1500000000.0;2018-05-03;0.0;0.0;Nakit Temettü;0.0;0.0;36.0;540000000.0;0.36
GARAN;4200000000.0;2018-04-24;0.0;0.0;Nakit Temettü;0.0;0.0;41.66667;1750014000.0;0.41667
ENKAI;4600000000.0;2018-04-17;0.0;0.0;Nakit Temettü;0.0;0.0;12.0;552000000.0;0.12
SAHOL;2040403931.0;2018-04-03;0.0;0.0;Nakit Temettü;0.0;0.0;30.0;612121179.3;0.3
ISCTR;4500263995.120001;2018-04-03;0.0;0.0;Nakit Temettü;0.0;0.0;29.48779;1326941704.0;0.2948586361686581
FROTO;350910000.0;2018-04-02;0.0;0.0;Nakit Temettü;0.0;0.0;228.0;800074800.0;2.28
KCHOL;2535898050.0;2018-04-02;0.0;0.0;Nakit Temettü;0.0;0.0;34.55;876152776.3;0.3455000000098584
CIMSA;135084442.0;2018-03-29;0.0;0.0;Nakit Temettü;0.0;0.0;50.0;67542221.0;0.5
TUPRS;275256514.0;2018-03-29;0.0;0.0;Nakit Temettü;0.0;0.0;1360.3;3406452378.0;12.375555907824946
AKBNK;4000000000.0;2018-03-28;0.0;0.0;Nakit Temettü;0.0;0.0;40.0;1600000000.0;0.4
TAVHL;363281250.0;2018-03-28;0.0;0.0;Nakit Temettü;0.0;0.0;111.86141;406371528.5;1.1186140999569893
TOASO;500000000.0;2018-03-21;0.0;0.0;Nakit Temettü;0.0;0.0;160.0;800000000.0;1.6
TCELL;2200000000.0;2017-12-15;0.0;0.0;Nakit Temettü;0.0;0.0;45.45454;1000000000.0;0.45454545454545453
ASELS;1000000000.0;2017-12-14;0.0;0.0;Nakit Temettü;0.0;0.0;2.51666;25166600.0;0.0251666
ENKAI;4600000000.0;2017-12-13;0.0;0.0;Nakit Temettü;0.0;0.0;4.0;184000000.0;0.04
HEKTS;75857055.24000001;2017-12-01;0.0;0.0;Nakit Temettü;0.0;0.0;38.05285;28865763.13;0.3805283903873302
BIMAS;303600000.0;2017-11-08;0.0;0.0;Nakit Temettü;0.0;0.0;60.0;182160000.0;0.6
FROTO;350910000.0;2017-10-31;0.0;0.0;Nakit Temettü;0.0;0.0;111.0;389510100.0;1.11
ENKAI;4600000000.0;2017-09-27;0.0;0.0;Nakit Temettü;0.0;0.0;3.586956522;165000000.0;0.035869565217391305
TCELL;2200000000.0;2017-09-15;0.0;0.0;Nakit Temettü;0.0;0.0;45.45455;1000000000.0;0.45454545454545453
ASELS;1000000000.0;2017-09-14;0.0;0.0;Nakit Temettü;0.0;0.0;2.51667;25166700.0;0.0251667
SISE;2250000000.0;2017-07-24;0.0;0.0;Bedelsiz Temettü;2.92682;6.82926;0.0;0.0;0.0
TCELL;2200000000.0;2017-06-15;0.0;0.0;Nakit Temettü;0.0;0.0;45.45455;1000000000.0;0.45454545454545453
ASELS;1000000000.0;2017-06-08;0.0;0.0;Nakit Temettü;0.0;0.0;2.51667;25166700.0;0.0251667
BIMAS;303600000.0;2017-06-07;0.0;0.0;Nakit Temettü;0.0;0.0;90.0;273240000.0;0.9
SISE;2050000000.0;2017-05-31;0.0;0.0;Nakit Temettü;0.0;0.0;12.195;250000000.0;0.12195121951219512
AEFES;592105263.0;2017-05-29;0.0;0.0;Nakit Temettü;0.0;0.0;24.5;145065789.4;0.2449999999408889
ENKAI;4600000000.0;2017-04-27;0.0;0.0;Bedelsiz Temettü;0.0;9.52381;0.0;0.0;0.0
SASA;1031022304.0900035;2017-04-24;0.0;0.0;Bedelsiz Sermaye Artırımı;12.61261;0.0;0.0;0.0;0.0
GARAN;4200000000.0;2017-04-24;0.0;0.0;Nakit Temettü;0.0;0.0;29.762;1250004000.0;0.29762
ENKAI;4200000000.0;2017-04-19;0.0;0.0;Nakit Temettü;0.0;0.0;12.0;504000000.0;0.12
PETKM;1500000000.0;2017-04-14;0.0;0.0;Nakit Temettü;0.0;0.0;40.0;600000000.0;0.4
SASA;984822304.0900035;2017-04-14;0.0;0.0;Nakit Temettü;0.0;0.0;25.629;93879027.0;0.09532585382166603
ULKER;342000000.0;2017-04-12;0.0;0.0;Nakit Temettü;0.0;0.0;18.71345;64000000.0;0.1871345029239766
KCHOL;2535898050.0;2017-04-06;0.0;0.0;Nakit Temettü;0.0;0.0;32.59;826449174.5;0.32590000000197167
EREGL;3500000000.0;2017-04-05;0.0;0.0;Nakit Temettü;0.0;0.0;41.0;1435000000.0;0.41
TUPRS;275256514.0;2017-04-04;0.0;0.0;Nakit Temettü;0.0;0.0;621.8;1557106586.0;5.656929107225415
ISCTR;4500263995.120001;2017-04-04;0.0;0.0;Nakit Temettü;0.0;0.0;26.11752;1175280565.0;0.2611581378946772
FROTO;350910000.0;2017-04-03;0.0;0.0;Nakit Temettü;0.0;0.0;114.0;400037400.0;1.14
SAHOL;2040403931.0;2017-04-03;0.0;0.0;Nakit Temettü;0.0;0.0;20.0;408080786.2;0.19999999999999998
TOASO;500000000.0;2017-04-03;0.0;0.0;Nakit Temettü;0.0;0.0;70.0;350000000.0;0.7
AKBNK;4000000000.0;2017-03-30;0.0;0.0;Nakit Temettü;0.0;0.0;22.5;900000000.0;0.225
CIMSA;135084442.0;2017-03-29;0.0;0.0;Nakit Temettü;0.0;0.0;142.0;191819907.6;1.4199999997038888
TAVHL;363281250.0;2017-03-22;0.0;0.0;Nakit Temettü;0.0;0.0;68.25341;247951841.0;0.6825340999569892
ENKAI;4200000000.0;2016-12-14;0.0;0.0;Nakit Temettü;0.0;0.0;3.3333;139998600.0;0.033333
ASELS;1000000000.0;2016-12-01;0.0;0.0;Nakit Temettü;0.0;0.0;1.4;14000000.0;0.014
HEKTS;75857055.24000001;2016-11-30;0.0;0.0;Nakit Temettü;0.0;0.0;27.21361;20643437.22;0.27213602155643074
FROTO;350910000.0;2016-11-22;0.0;0.0;Nakit Temettü;0.0;0.0;89.0;312309900.0;0.89
BIMAS;303600000.0;2016-11-07;0.0;0.0;Nakit Temettü;0.0;0.0;50.0;151800000.0;0.5
SASA;984822304.0900035;2016-10-18;0.0;0.0;Bedelsiz Sermaye Artırımı;37.55163;0.0;0.0;0.0;0.0
ENKAI;4200000000.0;2016-09-28;0.0;0.0;Nakit Temettü;0.0;0.0;3.333;118986000.0;0.02833
ASELS;1000000000.0;2016-09-26;0.0;0.0;Nakit Temettü;0.0;0.0;1.4;14000000.0;0.014
SASA;884822304.0900035;2016-07-18;0.0;0.0;Bedelsiz Sermaye Artırımı;23.11604;0.0;0.0;0.0;0.0
SISE;2050000000.0;2016-07-01;0.0;0.0;Bedelsiz Temettü;2.73684;5.15789;0.0;0.0;0.0
PETKM;1500000000.0;2016-06-27;0.0;0.0;Nakit Temettü;0.0;0.0;31.5;472500000.0;0.315
ASELS;1000000000.0;2016-06-10;0.0;0.0;Nakit Temettü;0.0;0.0;1.4;14000000.0;0.014
BIMAS;303600000.0;2016-06-06;0.0;0.0;Nakit Temettü;0.0;0.0;60.0;182160000.0;0.6
SISE;1900000000.0;2016-05-31;0.0;0.0;Nakit Temettü;0.0;0.0;13.15789;250000000.0;0.13157894736842105
AEFES;592105263.0;2016-05-30;0.0;0.0;Nakit Temettü;0.0;0.0;24.5;145065789.4;0.2449999999408889
TTKOM;3500000000.0;2016-05-30;0.0;0.0;Nakit Temettü;0.0;0.0;24.0246;840861000.0;0.240246
ASELS;1000000000.0;2016-05-25;0.0;0.0;Bedelsiz Sermaye Artırımı;100.0;0.0;0.0;0.0;0.0
EREGL;3500000000.0;2016-05-25;0.0;0.0;Nakit Temettü;0.0;0.0;30.0;1050000000.0;0.3
EKGYO;3800000000.0;2016-05-24;0.0;0.0;Nakit Temettü;0.0;0.0;9.676;367688000.0;0.09676
ENKAI;4200000000.0;2016-05-23;0.0;0.0;Bedelsiz Temettü;0.0;5.0;0.0;0.0;0.0
GARAN;4200000000.0;2016-04-25;0.0;0.0;Nakit Temettü;0.0;0.0;13.5;567000000.0;0.135
ENKAI;4000000000.0;2016-04-20;0.0;0.0;Nakit Temettü;0.0;0.0;8.0;320000000.0;0.08
KCHOL;2535898050.0;2016-04-12;0.0;0.0;Nakit Temettü;0.0;0.0;29.1;737946332.6;0.2910000000197169
TOASO;500000000.0;2016-04-07;0.0;0.0;Nakit Temettü;0.0;0.0;73.0;365000000.0;0.73
TUPRS;275256514.0;2016-04-06;0.0;0.0;Nakit Temettü;0.0;0.0;650.0;1627724800.0;5.913483304522268
ULKER;342000000.0;2016-04-05;0.0;0.0;Nakit Temettü;0.0;0.0;27.48538;94000000.0;0.27485380116959063
FROTO;350910000.0;2016-04-04;0.0;0.0;Nakit Temettü;0.0;0.0;100.0;350910000.0;1.0
SAHOL;2040403931.0;2016-04-01;0.0;0.0;Nakit Temettü;0.0;0.0;15.0;306060589.7;0.15000000002450495
AKBNK;4000000000.0;2016-03-30;0.0;0.0;Nakit Temettü;0.0;0.0;15.0;600000000.0;0.15
CIMSA;135084442.0;2016-03-30;0.0;0.0;Nakit Temettü;0.0;0.0;149.0;201275818.6;1.4900000001480556
ISCTR;4500263995.120001;2016-03-30;0.0;0.0;Nakit Temettü;0.0;0.0;17.12595;770662506.45;0.1712482883861239
TAVHL;363281250.0;2016-03-23;0.0;0.0;Nakit Temettü;0.0;0.0;95.67243;347560013.0;0.9567243368602151
PETKM;1500000000.0;2016-01-29;0.0;0.0;Bedelsiz Sermaye Artırımı;50.0;0.0;0.0;0.0;0.0
KRDMD;780226001.6;2015-12-11;0.0;0.0;Nakit Temettü;0.0;0.0;4.38596;34220400.34;0.04385960000028792
HEKTS;75857055.24000001;2015-11-27;0.0;0.0;Nakit Temettü;0.0;0.0;23.99764;18203897.79;0.2399763309082547
ENKAI;4000000000.0;2015-11-11;0.0;0.0;Nakit Temettü;0.0;0.0;7.0;280000000.0;0.07
BIMAS;303600000.0;2015-10-21;0.0;0.0;Nakit Temettü;0.0;0.0;40.0;121440000.0;0.4
FROTO;350910000.0;2015-10-16;0.0;0.0;Nakit Temettü;0.0;0.0;57.0;200018700.0;0.57
SISE;1900000000.0;2015-07-03;0.0;0.0;Bedelsiz Sermaye Artırımı;5.58823;6.17647;0.0;0.0;0.0
KRDMD;780226001.6;2015-06-30;0.0;0.0;Nakit Temettü;0.0;0.0;4.38597;34220478.36;0.04385969999695534
AEFES;592105263.0;2015-05-29;0.0;0.0;Nakit Temettü;0.0;0.0;46.0;272368421.0;0.4600000000337778
ASELS;500000000.0;2015-05-29;0.0;0.0;Nakit Temettü;0.0;0.0;13.0;65000000.0;0.13
SISE;1700000000.0;2015-05-29;0.0;0.0;Nakit Temettü;0.0;0.0;5.29411;90000000.0;0.052941176470588235
TTKOM;3500000000.0;2015-05-28;0.0;0.0;Nakit Temettü;0.0;0.0;52.5958;1840853000.0;0.525958
EKGYO;3800000000.0;2015-05-26;0.0;0.0;Nakit Temettü;0.0;0.0;9.651;366738000.0;0.09651
EREGL;3500000000.0;2015-05-26;0.0;0.0;Nakit Temettü;0.0;0.0;40.0;1400000000.0;0.4
BIMAS;303600000.0;2015-05-20;0.0;0.0;Nakit Temettü;0.0;0.0;50.0;151800000.0;0.5
ENKAI;4000000000.0;2015-05-06;0.0;0.0;Bedelsiz Temettü;2.91666;8.19444;0.0;0.0;0.0
TAVHL;363281250.0;2015-05-05;0.0;0.0;Nakit Temettü;0.0;0.0;84.24681;306052864.5;0.8424681001290323
GARAN;4200000000.0;2015-04-27;0.0;0.0;Nakit Temettü;0.0;0.0;13.5;567000000.0;0.135
ENKAI;3600000000.0;2015-04-14;0.0;0.0;Nakit Temettü;0.0;0.0;8.33333;300000000.0;0.08333333333333333
KCHOL;2535898050.0;2015-04-07;0.0;0.0;Nakit Temettü;0.0;0.0;19.7;499571916.0;0.19700000005915064
ULKER;342000000.0;2015-04-07;0.0;0.0;Nakit Temettü;0.0;0.0;27.48538;94000000.0;0.27485380116959063
TCELL;2200000000.0;2015-04-06;0.0;0.0;Nakit Temettü;0.0;0.0;178.40909;3924999980.0;1.7840909
TOASO;500000000.0;2015-04-03;0.0;0.0;Nakit Temettü;0.0;0.0;97.0;485000000.0;0.97
FROTO;350910000.0;2015-04-01;0.0;0.0;Nakit Temettü;0.0;0.0;57.0;200018700.0;0.57
KOZAL;152500000.0;2015-04-01;0.0;0.0;Nakit Temettü;0.0;0.0;98.36066;150000006.5;0.9836066
ISCTR;4500263995.120001;2015-04-01;0.0;0.0;Nakit Temettü;0.0;0.0;15.53399;699024890.0;0.15532975193411078
SAHOL;2040403931.0;2015-03-31;0.0;0.0;Nakit Temettü;0.0;0.0;10.0;204040393.0;0.0999999999509901
AKBNK;4000000000.0;2015-03-30;0.0;0.0;Nakit Temettü;0.0;0.0;14.24;569600000.0;0.1424
CIMSA;135084442.0;2015-03-30;0.0;0.0;Nakit Temettü;0.0;0.0;129.2;174529099.1;1.2920000002665
YKBNK;4347051284.0;2015-03-30;0.0;0.0;Nakit Temettü;0.0;0.0;9.20164;400000010.0;0.09201640005312622
HEKTS;75857055.24000001;2014-11-28;0.0;0.0;Nakit Temettü;0.0;0.0;18.5362;14061011.42;0.18536194656532778
FROTO;350910000.0;2014-11-04;0.0;0.0;Nakit Temettü;0.0;0.0;50.0;175455000.0;0.5
BIMAS;303600000.0;2014-10-15;0.0;0.0;Nakit Temettü;0.0;0.0;30.0;91080000.0;0.3
KRDMD;780226001.6;2014-09-03;0.0;0.0;Bedelsiz Sermaye Artırımı;8.05687;0.0;0.0;0.0;0.0
KOZAL;152500000.0;2014-09-03;0.0;0.0;Nakit Temettü;0.0;0.0;100.0;152500000.0;1.0
ENKAI;3600000000.0;2014-08-15;0.0;0.0;Nakit Temettü;0.0;0.0;8.0;288000000.0;0.08
PETKM;1000000000.0;2014-07-01;0.0;0.0;Nakit Temettü;0.0;0.0;4.7;47000000.0;0.047
SISE;1700000000.0;2014-07-01;0.0;0.0;Bedelsiz Sermaye Artırımı;3.69191;4.51941;0.0;0.0;0.0
ASELS;500000000.0;2014-05-30;0.0;0.0;Nakit Temettü;0.0;0.0;5.0;25000000.0;0.05
SISE;1571000000.0;2014-05-30;0.0;0.0;Nakit Temettü;0.0;0.0;4.51941;70999931.1;0.045194099999999994
TTKOM;3500000000.0;2014-05-28;0.0;0.0;Nakit Temettü;0.0;0.0;26.06089;912131150.0;0.2606089
EKGYO;3800000000.0;2014-05-26;0.0;0.0;Nakit Temettü;0.0;0.0;12.31;467780000.0;0.1231
EREGL;3500000000.0;2014-05-26;0.0;0.0;Nakit Temettü;0.0;0.0;23.42857;819999950.0;0.2342857
BIMAS;303600000.0;2014-05-21;0.0;0.0;Nakit Temettü;0.0;0.0;50.0;151800000.0;0.5
ENKAI;3600000000.0;2014-05-21;0.0;0.0;Bedelsiz Sermaye Artırımı;1.125;11.375;0.0;0.0;0.0
GARAN;4200000000.0;2014-04-21;0.0;0.0;Nakit Temettü;0.0;0.0;10.11905;425000100.0;0.1011905
ENKAI;3200000000.0;2014-04-16;0.0;0.0;Nakit Temettü;0.0;0.0;8.5;272000000.0;0.085
KCHOL;2535898050.0;2014-04-09;0.0;0.0;Nakit Temettü;0.0;0.0;16.03;406504457.4;0.16029999999408492
ULKER;342000000.0;2014-04-07;0.0;0.0;Nakit Temettü;0.0;0.0;38.88889;133000003.8;0.3888889
KOZAL;152500000.0;2014-04-04;0.0;0.0;Nakit Temettü;0.0;0.0;88.98887;135708026.8;0.8898887003278689
TOASO;500000000.0;2014-04-04;0.0;0.0;Nakit Temettü;0.0;0.0;65.0;325000000.0;0.65
SAHOL;2040403931.0;2014-04-02;0.0;0.0;Nakit Temettü;0.0;0.0;10.0;204040393.1;0.09999999999999999
TUPRS;275256514.0;2014-04-02;0.0;0.0;Nakit Temettü;0.0;0.0;158.2;396163174.4;1.4392508596544966
YKBNK;4347051284.0;2014-04-02;0.0;0.0;Nakit Temettü;0.0;0.0;8.92559;387999975.0;0.08925590006910993
ISCTR;4500263995.120001;2014-04-01;0.0;0.0;Nakit Temettü;0.0;0.0;12.32735;554727051.8;0.12326544673857694
AKBNK;4000000000.0;2014-03-31;0.0;0.0;Nakit Temettü;0.0;0.0;11.67;466800000.0;0.1167
CIMSA;135084442.0;2014-03-28;0.0;0.0;Nakit Temettü;0.0;0.0;115.4;155887446.1;1.1540000002368889
TAVHL;363281250.0;2014-03-26;0.0;0.0;Nakit Temettü;0.0;0.0;54.78;199005468.8;0.5478000001376344
EREGL;3500000000.0;2013-11-20;0.0;0.0;Nakit Temettü;0.0;0.0;11.57143;405000050.0;0.1157143
EKGYO;3800000000.0;2013-11-18;0.0;0.0;İkincil Halka Arz;0.0;0.0;0.0;0.0;0.0
KRDMD;722051255.8640001;2013-07-04;0.0;0.0;Bedelsiz Temettü;20.05615;0.0;0.0;0.0;0.0
SISE;1571000000.0;2013-07-04;0.0;0.0;Bedelsiz Temettü;0.0;4.73;0.0;0.0;0.0
THYAO;1380000000.0;2013-06-26;0.0;0.0;Bedelsiz Temettü;15.0;0.0;0.0;0.0;0.0
BIMAS;303600000.0;2013-06-18;0.0;0.0;Bedelsiz Temettü;84.76828;15.23171;0.0;0.0;0.0
ENKAI;3200000000.0;2013-06-12;0.0;0.0;Bedelsiz Temettü;0.0;14.28571;0.0;0.0;0.0
ASELS;500000000.0;2013-05-31;0.0;0.0;Nakit Temettü;0.0;0.0;15.7;78500000.0;0.157
HEKTS;75857055.24000001;2013-05-31;0.0;0.0;Nakit Temettü;0.0;0.0;21.12;16021005.45;0.2111999391396359
TAVHL;363281250.0;2013-05-31;0.0;0.0;Nakit Temettü;0.0;0.0;39.34;142914843.8;0.39340000013763443
SISE;1500000000.0;2013-05-31;0.0;0.0;Nakit Temettü;0.0;0.0;4.733;70995000.0;0.04733
AEFES;592105263.0;2013-05-30;0.0;0.0;Nakit Temettü;0.0;0.0;45.0;266447368.4;0.45000000008444446
EREGL;3500000000.0;2013-05-30;0.0;0.0;Nakit Temettü;0.0;0.0;3.43;120050000.0;0.0343
THYAO;1200000000.0;2013-05-30;0.0;0.0;Nakit Temettü;0.0;0.0;14.44;173280000.0;0.1444
TTKOM;3500000000.0;2013-05-29;0.0;0.0;Nakit Temettü;0.0;0.0;68.95085;2413279750.0;0.6895085
BIMAS;151800000.0;2013-05-24;0.0;0.0;Nakit Temettü;0.0;0.0;145.0;220110000.0;1.45
KOZAL;152500000.0;2013-05-14;0.0;0.0;Nakit Temettü;0.0;0.0;86.03846;131208651.5;0.8603846
EKGYO;2500000000.0;2013-05-09;0.0;0.0;Nakit Temettü;0.0;0.0;8.0;200000000.0;0.08
ENKAI;2800000000.0;2013-05-08;0.0;0.0;Nakit Temettü;0.0;0.0;8.0;224000000.0;0.08
GARAN;4200000000.0;2013-05-06;0.0;0.0;Nakit Temettü;0.0;0.0;14.202;596484000.0;0.14202
PGSUS;102272000.0;2013-04-26;0.0;0.0;Birincil Halka Arz;0.0;0.0;0.0;0.0;0.0
KCHOL;2535898050.0;2013-04-17;0.0;0.0;Nakit Temettü;0.0;0.0;18.7;474212935.4;0.18700000001971687
EREGL;3500000000.0;2013-04-12;0.0;0.0;Bedelsiz Sermaye Artırımı;13.2686;0.0;0.0;0.0;0.0
ULKER;342000000.0;2013-04-08;0.0;0.0;Nakit Temettü;0.0;0.0;43.86;150001200.0;0.4386
YKBNK;4347051284.0;2013-04-08;0.0;0.0;Nakit Temettü;0.0;0.0;6.901;300000000.0;0.0690122983145372
TOASO;500000000.0;2013-04-05;0.0;0.0;Nakit Temettü;0.0;0.0;96.0;480000000.0;0.96
TUPRS;275256514.0;2013-04-04;0.0;0.0;Nakit Temettü;0.0;0.0;385.0;964113920.0;3.502601649601651
FROTO;350910000.0;2013-04-03;0.0;0.0;Nakit Temettü;0.0;0.0;85.5;300028050.0;0.855
CIMSA;135084442.0;2013-04-01;0.0;0.0;Nakit Temettü;0.0;0.0;72.6;98071304.89;0.7259999999851945
SAHOL;2040403931.0;2013-04-01;0.0;0.0;Nakit Temettü;0.0;0.0;10.0;204040393.1;0.09999999999999999
ISCTR;4500263995.120001;2013-04-01;0.0;0.0;Nakit Temettü;0.0;0.0;14.78364;665259364.91;0.14782674208255212
AKBNK;4000000000.0;2013-03-29;0.0;0.0;Nakit Temettü;0.0;0.0;14.25;570000000.0;0.1425
FROTO;350910000.0;2012-10-31;0.0;0.0;Nakit Temettü;0.0;0.0;65.0;228091500.0;0.65
ENKAI;2800000000.0;2012-10-10;0.0;0.0;Nakit Temettü;0.0;0.0;2.86;80000000.0;0.02857142857142857
ASELS;500000000.0;2012-08-06;0.0;0.0;Bedelsiz Sermaye Artırımı;112.56;0.0;0.0;0.0;0.0
SISE;1500000000.0;2012-07-10;0.0;0.0;Bedelsiz Sermaye Artırımı;10.85;0.0;0.0;0.0;0.0
KCHOL;2535898050.0;2012-06-08;0.0;0.0;Bedelsiz Temettü;0.0;5.0;0.0;0.0;0.0
ASELS;235224000.0;2012-05-31;0.0;0.0;Nakit Temettü;0.0;0.0;19.75;46456740.0;0.1975
SISE;1353195417.0;2012-05-31;0.0;0.0;Nakit Temettü;0.0;0.0;4.0;52000000.0;0.03842756141997782
HEKTS;75857055.24000001;2012-05-30;0.0;0.0;Nakit Temettü;0.0;0.0;14.4;10920769.36;0.14396511076587895
AEFES;592105263.0;2012-05-29;0.0;0.0;Nakit Temettü;0.0;0.0;45.0;202500000.0;0.3420000000912
EREGL;3090000000.0;2012-05-29;0.0;0.0;Nakit Temettü;0.0;0.0;13.9535;300000000.0;0.0970873786407767
KRDMD;601427961.4840001;2012-05-29;0.0;0.0;Nakit Temettü;0.0;0.0;5.6899;34220650.0;0.05689900069754302
TTKOM;3500000000.0;2012-05-29;0.0;0.0;Nakit Temettü;0.0;0.0;54.1864;1896525384.96;0.5418643957028572
PETKM;1000000000.0;2012-05-28;0.0;0.0;Nakit Temettü;0.0;0.0;5.58;55800000.0;0.0558
GARAN;4200000000.0;2012-05-28;0.0;0.0;Nakit Temettü;0.0;0.0;14.286;600000000.0;0.14285714285714285
ULKER;342000000.0;2012-05-28;0.0;0.0;Nakit Temettü;0.0;0.0;81.871;280000000.0;0.8187134502923976
BIMAS;151800000.0;2012-05-25;0.0;0.0;Nakit Temettü;0.0;0.0;130.0;197340000.0;1.3
ENKAI;2800000000.0;2012-05-25;0.0;0.0;Bedelsiz Temettü;0.0;12.0;0.0;0.0;0.0
ENKAI;2500000000.0;2012-05-15;0.0;0.0;Nakit Temettü;0.0;0.0;8.4;210000000.0;0.084
KOZAL;152500000.0;2012-05-15;0.0;0.0;Nakit Temettü;0.0;0.0;62.1865;94834452.36;0.6218652613770492
TAVHL;363281250.0;2012-05-15;0.0;0.0;Nakit Temettü;0.0;0.0;25.0;90820312.0;0.2499999986236559
SAHOL;2040403931.0;2012-05-09;0.0;0.0;Nakit Temettü;0.0;0.0;10.0;204040393.1;0.09999999999999999
EKGYO;2500000000.0;2012-04-30;0.0;0.0;Nakit Temettü;0.0;0.0;4.7429;118573102.46;0.047429240984
EREGL;3090000000.0;2012-04-30;0.0;0.0;Bedelsiz Sermaye Artırımı;43.72;0.0;0.0;0.0;0.0
CIMSA;135084442.0;2012-04-26;0.0;0.0;Nakit Temettü;0.0;0.0;79.0;106716709.18;0.79
KCHOL;2415141000.0;2012-04-20;0.0;0.0;Nakit Temettü;0.0;0.0;12.6701;306000000.0;0.1267006771033244
ULKER;342000000.0;2012-04-10;0.0;0.0;Rüçhan Hakkı Kısıtlanarak;0.0;0.0;0.0;0.0;0.0
TOASO;500000000.0;2012-04-06;0.0;0.0;Nakit Temettü;0.0;0.0;50.0;250000000.0;0.5
TUPRS;275256514.0;2012-04-06;0.0;0.0;Nakit Temettü;0.0;0.0;393.26;984798545.92;3.5777483759021957
AKBNK;4000000000.0;2012-04-02;0.0;0.0;Nakit Temettü;0.0;0.0;10.45;418000000.0;0.1045
FROTO;350910000.0;2012-04-02;0.0;0.0;Nakit Temettü;0.0;0.0;100.0;350910000.0;1.0
ISCTR;4500263995.120001;2012-04-02;0.0;0.0;Nakit Temettü;0.0;0.0;12.0582;542616499.43;0.1205743707521165
SISE;1353195417.0;2012-03-29;0.0;0.0;Birleşme;0.0;0.0;0.0;0.0;0.0
AEFES;592105263.0;2012-03-12;0.0;0.0;Rüçhan Hakkı Kısıtlanarak;0.0;0.0;0.0;0.0;0.0
FROTO;350910000.0;2011-10-27;0.0;0.0;Nakit Temettü;0.0;0.0;61.9;217213290.0;0.619
THYAO;1200000000.0;2011-07-11;0.0;0.0;Bedelsiz Temettü;0.0;20.0;0.0;0.0;0.0
SISE;1300000000.0;2011-06-20;0.0;0.0;Bedelsiz Sermaye Artırımı;13.64;0.0;0.0;0.0;0.0
ENKAI;2500000000.0;2011-06-02;0.0;0.0;Bedelsiz Temettü;0.0;13.63636364;0.0;0.0;0.0
SISE;1144000000.0;2011-05-31;0.0;0.0;Nakit Temettü;0.0;0.0;4.0;45760000.0;0.04
ASELS;235224000.0;2011-05-30;0.0;0.0;Nakit Temettü;0.0;0.0;13.9;32696136.0;0.139
EREGL;2150000000.0;2011-05-30;0.0;0.0;Nakit Temettü;0.0;0.0;28.125;450000000.0;0.20930232558139536
HEKTS;75857055.24000001;2011-05-30;0.0;0.0;Nakit Temettü;0.0;0.0;15.72;11923857.66;0.1571885122916353
TTKOM;3500000000.0;2011-05-30;0.0;0.0;Nakit Temettü;0.0;0.0;64.1132;2243960909.0;0.6411316882857143
AEFES;450000000.0;2011-05-27;0.0;0.0;Nakit Temettü;0.0;0.0;48.0;216000000.0;0.48
ULKER;268600000.0;2011-05-27;0.0;0.0;Nakit Temettü;0.0;0.0;5.1689;17966877.78;0.0668908331347729
BIMAS;151800000.0;2011-05-17;0.0;0.0;Nakit Temettü;0.0;0.0;120.0;182160000.0;1.2
ENKAI;2200000000.0;2011-05-16;0.0;0.0;Nakit Temettü;0.0;0.0;7.2727;160000000.0;0.07272727272727272
SAHOL;2040403931.0;2011-05-11;0.0;0.0;Nakit Temettü;0.0;0.0;15.0;306060589.65;0.15
KOZAL;152500000.0;2011-05-06;0.0;0.0;Nakit Temettü;0.0;0.0;14.76;22514826.85;0.147638208852459
KCHOL;2415141000.0;2011-04-14;0.0;0.0;Nakit Temettü;0.0;0.0;22.773;550000000.0;0.2277299751857138
GARAN;4200000000.0;2011-04-11;0.0;0.0;Nakit Temettü;0.0;0.0;13.571;570000000.0;0.1357142857142857
CIMSA;135084442.0;2011-04-07;0.0;0.0;Nakit Temettü;0.0;0.0;70.2;94829278.28;0.7019999999703889
TOASO;500000000.0;2011-04-07;0.0;0.0;Nakit Temettü;0.0;0.0;50.0;250000000.0;0.5
TUPRS;275256514.0;2011-04-04;0.0;0.0;Nakit Temettü;0.0;0.0;297.84;745848545.28;2.7096490267983264
FROTO;350910000.0;2011-04-01;0.0;0.0;Nakit Temettü;0.0;0.0;86.0;301782600.0;0.86
ISCTR;4500263995.120001;2011-04-01;0.0;0.0;Nakit Temettü;0.0;0.0;15.3528;690869446.49;0.15351753746872748
EKGYO;2500000000.0;2011-03-31;0.0;0.0;Nakit Temettü;0.0;0.0;7.0197;175493721.78;0.070197488712
AKBNK;4000000000.0;2011-03-23;0.0;0.0;Nakit Temettü;0.0;0.0;14.25;570000000.0;0.1425
EREGL;2150000000.0;2011-03-15;0.0;0.0;Bedelsiz Sermaye Artırımı;34.38;0.0;0.0;0.0;0.0
EKGYO;2500000000.0;2010-12-02;0.0;0.0;Birincil Halka Arz;0.0;0.0;0.0;0.0;0.0
FROTO;350910000.0;2010-10-27;0.0;0.0;Nakit Temettü;0.0;0.0;40.0;140364000.0;0.4
PETKM;1000000000.0;2010-07-02;0.0;0.0;Bedelsiz Sermaye Artırımı;388.4;0.0;0.0;0.0;0.0
KOZAL;152500000.0;2010-06-16;0.0;0.0;Bedelsiz Temettü;0.0;154.1666667;0.0;0.0;0.0
SISE;1144000000.0;2010-06-14;0.0;0.0;Bedelsiz Temettü;0.0;4.0;0.0;0.0;0.0
ASELS;235224000.0;2010-06-07;0.0;0.0;Bedelsiz Temettü;0.0;100.0;0.0;0.0;0.0
THYAO;1000000000.0;2010-06-04;0.0;0.0;Bedelsiz Temettü;0.0;14.29;0.0;0.0;0.0
ASELS;117612000.0;2010-05-31;0.0;0.0;Nakit Temettü;0.0;0.0;49.0;57629880.0;0.49
ULKER;268600000.0;2010-05-31;0.0;0.0;Nakit Temettü;0.0;0.0;4.028;14000000.0;0.05212211466865227
AEFES;450000000.0;2010-05-28;0.0;0.0;Nakit Temettü;0.0;0.0;32.0;144000000.0;0.32
HEKTS;75857055.24000001;2010-05-28;0.0;0.0;Nakit Temettü;0.0;0.0;6.5772;4989245.44;0.06577167310561685
MGROS;178030000.0;2010-05-28;0.0;0.0;Nakit Temettü;0.0;0.0;110.0;195833000.0;1.1
BIMAS;151800000.0;2010-05-27;0.0;0.0;Bedelsiz Temettü;17.53583926;82.46416074;0.0;0.0;0.0
ENKAI;2200000000.0;2010-05-25;0.0;0.0;Bedelsiz Temettü;3.333333333;18.88888889;0.0;0.0;0.0
KOZAL;60000000.0;2010-05-24;0.0;0.0;Nakit Temettü;0.0;0.0;45.83;27500000.0;0.4583333333333333
TTKOM;3500000000.0;2010-05-24;0.0;0.0;Nakit Temettü;0.0;0.0;45.4204;1589712275.0;0.4542035071428571
BIMAS;75900000.0;2010-05-18;0.0;0.0;Nakit Temettü;0.0;0.0;175.0;132825000.0;1.75
ENKAI;1800000000.0;2010-05-17;0.0;0.0;Nakit Temettü;0.0;0.0;8.0;144000000.0;0.08
TCELL;2200000000.0;2010-05-17;0.0;0.0;Nakit Temettü;0.0;0.0;39.0572;859259101.0;0.39057231863636366
SAHOL;2040403931.0;2010-05-13;0.0;0.0;Nakit Temettü;0.0;0.0;10.0;204040393.1;0.09999999999999999
KCHOL;2415141000.0;2010-05-03;0.0;0.0;Nakit Temettü;0.0;0.0;12.84;310000000.0;0.12835689510467505
AKBNK;4000000000.0;2010-04-16;0.0;0.0;Bedelsiz Sermaye Artırımı;33.33;0.0;0.0;0.0;0.0
CIMSA;135084442.0;2010-04-15;0.0;0.0;Nakit Temettü;0.0;0.0;60.6;81861171.85;0.6059999999851944
GARAN;4200000000.0;2010-04-12;0.0;0.0;Nakit Temettü;0.0;0.0;8.333;350000000.0;0.08333333333333333
TUPRS;275256514.0;2010-04-06;0.0;0.0;Nakit Temettü;0.0;0.0;250.0;626048000.0;2.2744166555854877
TOASO;500000000.0;2010-04-05;0.0;0.0;Nakit Temettü;0.0;0.0;26.0;130000000.0;0.26
FROTO;350910000.0;2010-04-01;0.0;0.0;Nakit Temettü;0.0;0.0;74.0;259673400.0;0.74
ISCTR;4500263995.120001;2010-04-01;0.0;0.0;Nakit Temettü;0.0;0.0;17.8915;550988910.76;0.1224347974602116
AKBNK;3000000000.0;2010-03-30;0.0;0.0;Nakit Temettü;0.0;0.0;18.0;540000000.0;0.18
ISCTR;4500263995.120001;2010-02-24;0.0;0.0;Bedelsiz Sermaye Artırımı;46.11855;0.0;0.0;0.0;0.0
KOZAL;60000000.0;2010-02-12;0.0;0.0;Birincil Halka Arz;0.0;0.0;0.0;0.0;0.0
SAHOL;2040403931.0;2010-01-14;0.0;0.0;Rüçhan Hakkı Kısıtlanarak;0.0;0.0;0.0;0.0;0.0
BIMAS;75900000.0;2009-11-23;0.0;0.0;Nakit Temettü;0.0;0.0;45.0;34155000.0;0.45
FROTO;350910000.0;2009-11-23;0.0;0.0;Nakit Temettü;0.0;0.0;87.0;305291700.0;0.87
EREGL;1600000000.0;2009-10-27;0.0;0.0;Bedelsiz Sermaye Artırımı;39.27;0.0;0.0;0.0;0.0
GARAN;4200000000.0;2009-09-10;0.0;0.0;Nakit Temettü;0.0;0.0;6.548;275000000.0;0.06547619047619048
MGROS;178030000.0;2009-08-04;0.0;0.0;Nakit Temettü;0.0;0.0;1400.0;2492420000.0;14.0
SAHOL;1900000000.0;2009-06-29;0.0;0.0;Bedelsiz Temettü;0.0;5.555555556;0.0;0.0;0.0
KRDMD;601427961.4840001;2009-06-25;0.0;0.0;Bedelsiz Temettü;0.0;59.77372401;0.0;0.0;0.0
THYAO;875000000.0;2009-06-25;0.0;0.0;Bedelsiz Temettü;313.7676841;86.23231586;0.0;0.0;0.0
KCHOL;2415141000.0;2009-06-18;0.0;0.0;Bedelsiz Temettü;0.0;20.0;0.0;0.0;0.0
SISE;1100000000.0;2009-06-15;0.0;0.0;Bedelsiz Temettü;4.273410056;5.046382082;0.0;0.0;0.0
HEKTS;75857055.24000001;2009-06-12;0.0;0.0;Bedelsiz Temettü;2.35;15.56454194;0.0;0.0;0.0
ISCTR;3079902666.120001;2009-06-11;0.0;0.0;Bedelsiz Temettü;0.0;11.719;0.0;0.0;0.0
ENKAI;1800000000.0;2009-06-03;0.0;0.0;Bedelsiz Temettü;0.0;50.0;0.0;0.0;0.0
ASELS;117612000.0;2009-05-29;0.0;0.0;Nakit Temettü;0.0;0.0;5.0;5880600.0;0.05
ULKER;268600000.0;2009-05-29;0.0;0.0;Nakit Temettü;0.0;0.0;1.121510316;3012376.71;0.011215103164556962
AEFES;450000000.0;2009-05-28;0.0;0.0;Nakit Temettü;0.0;0.0;25.8;116100000.0;0.258
BIMAS;75900000.0;2009-05-27;0.0;0.0;Nakit Temettü;0.0;0.0;80.0;60720000.0;0.8
TTKOM;3500000000.0;2009-05-27;0.0;0.0;Nakit Temettü;0.0;0.0;42.57591362;1490156977.0;0.42575913628571427
CIMSA;135084442.0;2009-05-25;0.0;0.0;Nakit Temettü;0.0;0.0;42.94;58005259.39;0.42939999996446665
THYAO;175000000.0;2009-05-21;0.0;0.0;Nakit Temettü;0.0;0.0;56.69357383;99213754.21;0.5669357383428572
ENKAI;1200000000.0;2009-05-18;0.0;0.0;Nakit Temettü;0.0;0.0;9.0;108000000.0;0.09
TCELL;2200000000.0;2009-05-18;0.0;0.0;Nakit Temettü;0.0;0.0;49.91787391;1098193226.0;0.4991787390909091
SAHOL;1800000000.0;2009-05-14;0.0;0.0;Nakit Temettü;0.0;0.0;7.5;135000000.0;0.075
TOASO;500000000.0;2009-04-13;0.0;0.0;Nakit Temettü;0.0;0.0;7.2;36000000.0;0.072
FROTO;350910000.0;2009-04-02;0.0;0.0;Nakit Temettü;0.0;0.0;25.99982902;91236000.0;0.25999829015987
TUPRS;275256514.0;2009-04-01;0.0;0.0;Nakit Temettü;0.0;0.0;231.4;579470029.0;2.1052000571365226
ISCTR;2756853354.7200007;2009-04-01;0.0;0.0;Nakit Temettü;0.0;0.0;6.0;165393300.0;0.05999350662480128
AKBNK;3000000000.0;2009-03-31;0.0;0.0;Nakit Temettü;0.0;0.0;12.0;360000000.0;0.12
TAVHL;363281250.0;2009-01-30;50.0;121093750.0;Bedelli Sermaye Artırımı;0.0;0.0;0.0;0.0;0.0
FROTO;350910000.0;2008-10-14;0.0;0.0;Nakit Temettü;0.0;0.0;55.0;193000500.0;0.55
KCHOL;2012617500.0;2008-07-28;0.0;0.0;Birleşme;0.0;0.0;0.0;0.0;0.0
YKBNK;4347051284.0;2008-07-18;26.84523585;920000000.0;Bedelli Sermaye Artırımı;0.0;0.0;0.0;0.0;0.0
BIMAS;75900000.0;2008-06-27;0.0;0.0;Bedelsiz Temettü;0.0;200.0;0.0;0.0;0.0
ASELS;117612000.0;2008-06-26;0.0;0.0;Bedelsiz Temettü;221.0;79.0;0.0;0.0;0.0
GARAN;4200000000.0;2008-06-09;100.0;2100000000.0;Bedelli Sermaye Artırımı;0.0;0.0;0.0;0.0;0.0
TTKOM;3500000000.0;2008-06-02;0.0;0.0;Nakit Temettü;0.0;0.0;78.4;2743604970.0;0.7838871342857143
ASELS;29403000.0;2008-05-30;0.0;0.0;Nakit Temettü;0.0;0.0;95.0;27932850.0;0.95
HEKTS;64334712.21000001;2008-05-30;0.0;0.0;Nakit Temettü;0.0;0.0;12.51865594;8053838.43;0.12518651523163468
ULKER;268600000.0;2008-05-30;0.0;0.0;Nakit Temettü;0.0;0.0;9.062263961;24341241.0;0.09062263961280714
AEFES;450000000.0;2008-05-29;0.0;0.0;Nakit Temettü;0.0;0.0;25.3;113850000.0;0.253
BIMAS;25300000.0;2008-05-28;0.0;0.0;Nakit Temettü;0.0;0.0;190.0;48070000.0;1.9
EREGL;1148812500.0;2008-05-28;0.0;0.0;Bedelsiz ve Nakit Temettü;0.0;36.11224;35.331;298202993.0;0.3533133373261368
ENKAI;1200000000.0;2008-05-26;0.0;0.0;Bedelsiz ve Nakit Temettü;0.0;33.33333333;6.0;54000000.0;0.06
SAHOL;1800000000.0;2008-05-22;0.0;0.0;Nakit Temettü;0.0;0.0;10.0;180000000.0;0.1
KCHOL;2007555000.0;2008-05-22;0.0;0.0;Bedelsiz Temettü;0.0;15.0;0.0;0.0;0.0
TCELL;2200000000.0;2008-05-20;0.0;0.0;Nakit Temettü;0.0;0.0;29.48699;648713951.0;0.29486997772727275
TTKOM;3500000000.0;2008-05-15;0.0;0.0;Birincil Halka Arz;0.0;0.0;0.0;0.0;0.0
TOASO;500000000.0;2008-05-12;0.0;0.0;Nakit Temettü;0.0;0.0;18.0;90000000.0;0.18
MGROS;178030000.0;2008-05-01;0.0;0.0;Nakit Temettü;0.0;0.0;59.25684;105494955.0;0.5925684154356008
TUPRS;275256514.0;2008-05-01;0.0;0.0;Nakit Temettü;0.0;0.0;418.5;1048004352.0;3.8073734814501066
CIMSA;135084442.0;2008-04-14;0.0;0.0;Nakit Temettü;0.0;0.0;111.0;149943730.6;1.1099999998519443
FROTO;350910000.0;2008-04-09;0.0;0.0;Nakit Temettü;0.0;0.0;70.0;245637000.0;0.7
ISCTR;2756853354.7200007;2008-04-01;0.0;0.0;Nakit Temettü;0.0;0.0;21.36627;588973119.79;0.2136396260546905
AKBNK;3000000000.0;2008-03-31;0.0;0.0;Nakit Temettü;0.0;0.0;24.0;720000000.0;0.24
SISE;1006222184.0;2008-02-06;0.0;0.0;Birleşme;0.0;0.0;0.0;0.0;0.0
ULKER;268600000.0;2007-12-28;0.0;0.0;Bedelsiz Sermaye Artırımı;11.41206287;0.0;0.0;0.0;0.0
CIMSA;135084442.0;2007-11-09;0.0;0.0;Birleşme;0.0;0.0;0.0;0.0;0.0
MGROS;178030000.0;2007-11-09;0.0;0.0;Bedelsiz Sermaye Artırımı;1.000264;0.0;0.0;0.0;0.0
YKBNK;3427051284.0;2007-10-26;0.0;0.0;Birleşme;0.0;0.0;0.0;0.0;0.0
FROTO;350910000.0;2007-10-10;0.0;0.0;Nakit Temettü;0.0;0.0;59.5;208791450.0;0.595
SISE;949416000.0;2007-10-10;0.0;0.0;Bedelsiz Sermaye Artırımı;124.1832349;0.0;0.0;0.0;0.0
AEFES;450000000.0;2007-09-17;0.0;0.0;Bedelsiz Sermaye Artırımı;298.6646;0.0;0.0;0.0;0.0
AKBNK;3000000000.0;2007-06-28;0.0;0.0;Bedelsiz Sermaye Artırımı;25.0;0.0;0.0;0.0;0.0
KCHOL;1745700000.0;2007-06-08;33.0;417450000.0;Bedelli ve Bedelsiz Sermaye Artırımı;0.652173913;4.347826087;0.0;0.0;0.0
ASELS;29403000.0;2007-05-31;0.0;0.0;Nakit Temettü;0.0;0.0;80.0;23522400.0;0.8
TUPRS;275256514.0;2007-05-31;0.0;0.0;Nakit Temettü;0.0;0.0;263.45;659729382.4;2.396780271655987
ULKER;241087000.0;2007-05-31;0.0;0.0;Nakit Temettü;0.0;0.0;10.01713075;24150000.0;0.10017130745332598
ENKAI;900000000.0;2007-05-30;0.0;0.0;Bedelsiz Temettü;25.83333333;24.16666667;0.0;0.0;0.0
EREGL;844018500.0;2007-05-29;0.0;0.0;Bedelsiz ve Nakit Temettü;21.319987;51.6800007;14.7;71717184.0;0.147
AEFES;112876818.0;2007-05-28;0.0;0.0;Nakit Temettü;0.0;0.0;85.0;95945296.0;0.8500000062014506
ENKAI;600000000.0;2007-05-24;0.0;0.0;Nakit Temettü;0.0;0.0;7.5;45000000.0;0.075
SAHOL;1800000000.0;2007-05-21;0.0;0.0;Nakit Temettü;0.0;0.0;10.0;180000000.0;0.1
YKBNK;3149450000.0;2007-05-21;0.0;0.0;Bedelsiz Sermaye Artırımı;0.211006331;0.0;0.0;0.0;0.0
BIMAS;25300000.0;2007-05-16;0.0;0.0;Nakit Temettü;0.0;0.0;220.0;55660000.0;2.2
CIMSA;121305600.0;2007-05-15;0.0;0.0;Nakit Temettü;0.0;0.0;87.0;105535872.0;0.87
MGROS;176266865.995;2007-05-15;0.0;0.0;Nakit Temettü;0.0;0.0;22.6929;40000000.0;0.2269286389940957
SISE;423500000.0;2007-05-15;0.0;0.0;Nakit Temettü;0.0;0.0;15.0;63525000.0;0.15
TOASO;500000000.0;2007-05-14;0.0;0.0;Nakit Temettü;0.0;0.0;12.0;60000000.0;0.12
GARAN;2100000000.0;2007-04-24;0.0;0.0;Nakit Temettü;0.0;0.0;5.0;105000000.0;0.05
TCELL;2200000000.0;2007-04-16;0.0;0.0;Nakit Temettü;0.0;0.0;25.774536;567039784.0;0.2577453563636364
FROTO;350910000.0;2007-04-05;0.0;0.0;Nakit Temettü;0.0;0.0;55.0;193000500.0;0.55
HEKTS;64334712.21000001;2007-04-02;0.0;0.0;Nakit Temettü;0.0;0.0;7.5;4825104.0;0.07500000908141156
ISCTR;2756853354.7200007;2007-04-02;0.0;0.0;Nakit Temettü;0.0;0.0;14.51;400029333.0;0.1451035951241697
AKBNK;2400000000.0;2007-03-30;0.0;0.0;Nakit Temettü;0.0;0.0;30.0;660000000.0;0.275
AKBNK;2400000000.0;2007-01-05;0.0;0.0;Birleşme;0.0;0.0;0.0;0.0;0.0
ISCTR;2756853354.7200007;2006-11-03;0.0;0.0;Bedelsiz Sermaye Artırımı;39.99999;0.0;0.0;0.0;0.0
YKBNK;3142818454.1;2006-10-10;0.0;0.0;Birleşme;0.0;0.0;0.0;0.0;0.0
FROTO;350910000.0;2006-09-06;0.0;0.0;Nakit Temettü;0.0;0.0;88.49537374;310539116.0;0.8849537374255507
MGROS;176266865.995;2006-08-03;0.0;0.0;Birleşme;0.0;0.0;0.0;0.0;0.0
TCELL;2200000000.0;2006-06-12;0.0;0.0;Bedelsiz Sermaye Artırımı;2.78517082186502;15.8204151547983;0.0;0.0;0.0
AKBNK;2200000000.0;2006-06-08;0.0;0.0;Bedelsiz Sermaye Artırımı;22.22191368;0.0;0.0;0.0;0.0
KCHOL;1265000000.0;2006-06-01;0.0;0.0;Bedelsiz Temettü;1.739130435;8.260869565;0.0;0.0;0.0
ASELS;29403000.0;2006-05-31;0.0;0.0;Nakit Temettü;0.0;0.0;90.0;26462700.0;0.9
EREGL;487872000.0;2006-05-31;0.0;0.0;Nakit Temettü;0.0;0.0;18.827644;91854806.5;0.18827644648596353
HEKTS;64334712.21000001;2006-05-31;0.0;0.0;Bedelsiz Sermaye Artırımı;7.45;11.18999941;0.0;0.0;0.0
TUPRS;275256514.0;2006-05-31;0.0;0.0;Nakit Temettü;0.0;0.0;193.62;484868221.18;1.7615140660395052
ULKER;241087000.0;2006-05-31;0.0;0.0;Nakit Temettü;0.0;0.0;8.710548;21000000.0;0.08710548474202259
AEFES;112876818.0;2006-05-29;0.0;0.0;Nakit Temettü;0.0;0.0;85.0;95945295.53;0.8500000020376195
TCELL;1854887341.0;2006-05-29;0.0;0.0;Nakit Temettü;0.0;0.0;27.4451;509075181.0;0.27445072794854986
ENKAI;600000000.0;2006-05-24;0.0;0.0;Bedelsiz ve Nakit Temettü;96.66666667;3.333333333;10.0;30000000.0;0.1
SAHOL;1800000000.0;2006-05-15;0.0;0.0;Nakit Temettü;0.0;0.0;7.0;126000000.0;0.07
TOASO;500000000.0;2006-05-15;0.0;0.0;Nakit Temettü;0.0;0.0;10.0;50000000.0;0.1
MGROS;158354999.995;2006-05-08;0.0;0.0;Bedelsiz Temettü;0.0;15.0;0.0;0.0;0.0
CIMSA;121305600.0;2006-05-04;0.0;0.0;Nakit Temettü;0.0;0.0;37.0;44883072.0;0.37
YKBNK;1896662494.1;2006-04-27;0.0;0.0;Bedelsiz Sermaye Artırımı;152.1002;0.0;0.0;0.0;0.0
SAHOL;1800000000.0;2006-04-24;0.0;0.0;Bedelsiz Sermaye Artırımı;50.0;0.0;0.0;0.0;0.0
BIMAS;25300000.0;2006-04-20;0.0;0.0;Nakit Temettü;0.0;0.0;100.0;25300000.0;1.0
GARAN;2100000000.0;2006-04-12;0.0;0.0;Nakit Temettü;0.0;0.0;5.0;105000000.0;0.05
FROTO;350910000.0;2006-04-03;0.0;0.0;Nakit Temettü;0.0;0.0;40.0;140364000.0;0.4
ISCTR;1969210278.7200007;2006-04-03;0.0;0.0;Nakit Temettü;0.0;0.0;15.58;306850219.0;0.1558239982372297
AKBNK;1800004544.0;2006-03-29;0.0;0.0;Nakit Temettü;0.0;0.0;30.0;540001363.2;0.30000000000000004
TAVHL;242187500.0;2006-02-10;0.0;0.0;Birincil Halka Arz;0.0;0.0;0.0;0.0;0.0
FROTO;350910000.0;2005-12-27;0.0;0.0;Nakit Temettü;0.0;0.0;23.0;80709300.0;0.23
ULKER;241087000.0;2005-12-23;0.0;0.0;Bedelsiz Sermaye Artırımı;1.0;0.0;0.0;0.0;0.0
AKBNK;1800004544.0;2005-10-07;0.0;0.0;Birleşme;0.0;0.0;0.0;0.0;0.0
FROTO;350910000.0;2005-09-30;0.0;0.0;Nakit Temettü;0.0;0.0;54.0;189491400.0;0.54
KCHOL;1150000000.0;2005-08-15;15.0;150000000.0;Bedelli Sermaye Artırımı;0.0;0.0;0.0;0.0;0.0
KRDMD;376424825.4840001;2005-07-27;0.0;0.0;Bedelsiz Sermaye Artırımı;165.993702;0.0;0.0;0.0;0.0
ISCTR;1969210278.7200007;2005-07-22;0.0;0.0;Bedelsiz Sermaye Artırımı;20.0;0.0;0.0;0.0;0.0
TOASO;500000000.0;2005-07-18;0.0;0.0;Bedelsiz Sermaye Artırımı;11.1111111;0.0;0.0;0.0;0.0
GARAN;2100000000.0;2005-07-11;0.0;0.0;Bedelsiz Sermaye Artırımı;75.0;0.0;0.0;0.0;0.0
BIMAS;25300000.0;2005-07-06;0.0;0.0;Birincil Halka Arz;0.0;0.0;0.0;0.0;0.0
AKBNK;1800000000.0;2005-07-01;0.0;0.0;Bedelsiz Sermaye Artırımı;20.0;0.0;0.0;0.0;0.0
SASA;834822304.0900035;2005-06-10;0.0;0.0;Bedelsiz Sermaye Artırımı;20.0;0.0;0.0;0.0;0.0
HEKTS;54226835.21000001;2005-06-01;0.0;0.0;Bedelsiz Temettü;15.59;9.41;0.0;0.0;0.0
ENKAI;300000000.0;2005-05-31;0.0;0.0;Bedelsiz ve Nakit Temettü;15.0;35.0;15.0;30000000.0;0.15
TCELL;1854887341.0;2005-05-31;0.0;0.0;Bedelsiz Sermaye Artırımı;9.91;15.87;0.0;0.0;0.0
SISE;423500000.0;2005-05-31;0.0;0.0;Nakit Temettü;0.0;0.0;7.2;30492000.0;0.072
ULKER;238700000.0;2005-05-31;0.0;0.0;Nakit Temettü;0.0;0.0;8.3787;20000000.0;0.08378718056137412
AEFES;112876818.0;2005-05-30;0.0;0.0;Nakit Temettü;0.0;0.0;85.0;95945295.53;0.8500000020376195
ASELS;29403000.0;2005-05-30;0.0;0.0;Nakit Temettü;0.0;0.0;70.0;20582100.0;0.7
EREGL;487872000.0;2005-05-30;0.0;0.0;Nakit Temettü;0.0;0.0;79.0;385418880.0;0.79
KCHOL;1000000000.0;2005-05-30;0.0;0.0;Nakit Temettü;0.0;0.0;10.0;100000000.0;0.1
BIMAS;14389365.0;2005-05-27;0.0;0.0;Nakit Temettü;0.0;0.0;79.46;20103000.0;1.3970734636309525
FROTO;350910000.0;2005-05-27;0.0;0.0;Bedelsiz Sermaye Artırımı;20.0;0.0;0.0;0.0;0.0
TCELL;1474639361.0;2005-05-17;0.0;0.0;Nakit Temettü;0.0;0.0;16.9619;250127565.0;0.16961948230540957
MGROS;137699999.995;2005-05-16;0.0;0.0;Nakit Temettü;0.0;0.0;15.0;20655000.0;0.1500000000054466
SAHOL;1200000000.0;2005-05-12;0.0;0.0;Nakit Temettü;0.0;0.0;10.0;120000000.0;0.1
TUPRS;275256514.0;2005-05-05;0.0;0.0;Nakit Temettü;0.0;0.0;212.45;532024358.18;1.9328311270410117
TOASO;450000000.0;2005-05-02;0.0;0.0;Nakit Temettü;0.0;0.0;6.6666667;30000000.0;0.06666666666666667
CIMSA;121305600.0;2005-04-28;0.0;0.0;Nakit Temettü;0.0;0.0;39.0;47309184.0;0.39
ISCTR;1641025624.7200007;2005-04-01;0.0;0.0;Nakit Temettü;0.0;0.0;12.65;207600688.12;0.12650667058012685
FROTO;292425000.0;2005-03-31;0.0;0.0;Nakit Temettü;0.0;0.0;60.0;175455000.0;0.6
AKBNK;1500000000.0;2005-03-28;0.0;0.0;Nakit Temettü;0.0;0.0;25.0;375000000.0;0.25
KCHOL;1000000000.0;2005-03-04;0.0;0.0;Bedelsiz Sermaye Artırımı;26.6223488;0.0;0.0;0.0;0.0
ENKAI;200000000.0;2005-01-10;0.0;0.0;Bedelsiz Sermaye Artırımı;100.0;0.0;0.0;0.0;0.0
ULKER;238700000.0;2004-12-29;0.0;0.0;Bedelsiz Sermaye Artırımı;8.18;1.816;0.0;0.0;0.0
GARAN;1200000000.0;2004-10-04;0.0;0.0;Bedelsiz Sermaye Artırımı;45.97869;0.0;0.0;0.0;0.0
FROTO;292425000.0;2004-08-31;0.0;0.0;Nakit Temettü;0.0;0.0;18.755705;54846369.169;0.1875570459741814
SISE;423500000.0;2004-08-17;5.065;20415200.0;Bedelli ve Bedelsiz Sermaye Artırımı;0.02104;0.0;0.0;0.0;0.0
ISCTR;1641025624.7200007;2004-08-13;0.0;0.0;Bedelsiz Sermaye Artırımı;15.0;0.0;0.0;0.0;0.0
TCELL;1474639361.0;2004-07-30;0.0;0.0;Bedelsiz Sermaye Artırımı;171.2961512;23.631721;0.0;0.0;0.0
SISE;403000000.0;2004-06-30;0.0;0.0;Nakit Temettü;0.0;0.0;7.15789;20400000.0;0.050620347394540945
ULKER;217000000.000089;2004-06-30;0.0;0.0;Nakit Temettü;0.0;0.0;1.82;3940962.831312;0.0181611190382967
TCELL;500000000.0;2004-06-21;0.0;0.0;Bedelsiz ve Nakit Temettü;0.0;0.0;23.631721;118158605.0;0.23631721
AEFES;112876818.0;2004-06-14;0.0;0.0;Nakit Temettü;0.0;0.0;75.0;84657613.701;0.7500000017807023
EREGL;487872000.0;2004-06-14;200.0;88704000.0;Bedelli, bedelsiz, nakit temettü;800.0;0.0;100.0;44352000.0;1.0
AKBNK;1500000000.0;2004-06-07;0.0;0.0;Bedelsiz Temettü;0.0;25.0;0.0;0.0;0.0
KCHOL;789750000.0;2004-05-31;0.0;0.0;Nakit Temettü;0.0;0.0;5.4;42646500.0;0.054
FROTO;292425000.0;2004-05-20;0.0;0.0;Nakit Temettü;0.0;0.0;20.0;58485000.0;0.2
MGROS;137699999.995;2004-05-20;0.0;0.0;Nakit Temettü;0.0;0.0;13.0;17901000.0;0.1300000000047204
SAHOL;1200000000.0;2004-05-18;0.0;0.0;Nakit Temettü;0.0;0.0;13.4;134000000.0;0.11166666666666666
ENKAI;100000000.0;2004-05-12;0.0;0.0;Nakit Temettü;0.0;0.0;20.0;20000000.0;0.2
HEKTS;43381472.21000001;2004-05-12;0.0;0.0;Bedelsiz Sermaye Artırımı;40.0;0.0;0.0;0.0;0.0
SISE;403000000.0;2004-05-10;0.0;0.0;Bedelsiz Sermaye Artırımı;41.4;0.0;0.0;0.0;0.0
KRDMD;141516442.4840001;2004-05-04;0.0;0.0;Bedelsiz Sermaye Artırımı;343.0;0.0;0.0;0.0;0.0
CIMSA;121305600.0;2004-04-28;0.0;0.0;Nakit Temettü;0.0;0.0;21.0;25474176.0;0.21
TUPRS;275256514.0;2004-04-20;0.0;0.0;Nakit Temettü;0.0;0.0;142.26;356259658.8;1.2942823899891431
SAHOL;1200000000.0;2004-04-19;0.0;0.0;Bedelsiz Sermaye Artırımı;20.0;0.0;0.0;0.0;0.0
ISCTR;1426992154.7200007;2004-04-02;0.0;0.0;Nakit Temettü;0.0;0.0;9.62;137225627.36;0.09616424792953815
AKBNK;1200000000.0;2004-03-30;0.0;0.0;Nakit Temettü;0.0;0.0;25.0;300000000.0;0.25
ULKER;217000000.000089;2004-02-23;0.0;0.0;Birleşme;0.0;0.0;0.0;0.0;0.0
KCHOL;789750000.0;2004-01-19;0.0;0.0;Bedelsiz Sermaye Artırımı;187.4378879;0.0;0.0;0.0;0.0
MGROS;137699999.995;2004-01-16;0.0;0.0;Bedelsiz Sermaye Artırımı;150.0;0.0;0.0;0.0;0.0
ISCTR;1426992154.7200007;2003-12-29;0.0;0.0;Bedelli ve Bedelsiz Sermaye Artırımı;70.0;6.0;0.0;0.0;0.0
ENKAI;100000000.0;2003-12-24;0.0;0.0;Bedelsiz Sermaye Artırımı;98.58767;0.0;0.0;0.0;0.0
SASA;798772304.0900035;2003-12-18;0.0;0.0;Bedelsiz Sermaye Artırımı;150.0;0.0;0.0;0.0;0.0
KCHOL;274755010.8;2003-12-15;0.0;0.0;Rüçhan Hakkı Kısıtlanarak;0.0;0.0;0.0;0.0;0.0
CIMSA;121305600.0;2003-12-12;0.0;0.0;Bedelsiz Sermaye Artırımı;80.0;0.0;0.0;0.0;0.0
KRDMD;31945020.454000086;2003-12-10;0.0;0.0;Rüçhan Hakkı Kısıtlanarak;0.0;0.0;0.0;0.0;0.0
FROTO;292425000.0;2003-09-30;0.0;0.0;Bedelsiz Sermaye Artırımı;300.0;0.0;0.0;0.0;0.0
AEFES;112876818.0;2003-09-29;0.0;0.0;Bedelsiz Sermaye Artırımı;125.0;0.0;0.0;0.0;0.0
ASELS;29403000.0;2003-09-29;0.0;0.0;Nakit Temettü;0.0;0.0;47.2109;13881156.0;0.4720999897969595
GARAN;822037812.6029999;2003-07-02;0.0;0.0;Bedelsiz Sermaye Artırımı;3.82571;0.0;0.0;0.0;0.0
AKBNK;1200000000.0;2003-06-23;0.0;0.0;Bedelsiz Sermaye Artırımı;47.05;0.0;0.0;0.0;0.0
KCHOL;243787207.3;2003-06-04;0.0;0.0;Bedelsiz Sermaye Artırımı;16.607391;3.392609;0.0;0.0;0.0
AEFES;50167474.518;2003-05-30;0.0;0.0;Nakit Temettü;0.0;0.0;20.0;10033495.0;0.20000000192156375
ASELS;29403000.0;2003-05-30;0.0;0.0;Nakit Temettü;0.0;0.0;25.4029;7468362.0;0.254
ULKER;117000000.00008899;2003-05-30;0.0;0.0;Bedelsiz ve Nakit Temettü;150.0;0.0;10.0;1370250.0;0.014207395310846567
ENKAI;50355593.0;2003-05-28;0.0;0.0;Nakit Temettü;0.0;0.0;35.0;17624457.55;0.35000000000000003
TOASO;450000000.0;2003-05-26;0.0;0.0;Bedelsiz Sermaye Artırımı;164.06;0.0;0.0;0.0;0.0
HEKTS;30986772.21000001;2003-05-15;0.0;0.0;Bedelsiz Sermaye Artırımı;40.42;18.08;0.0;0.0;0.0
MGROS;55079999.995000005;2003-04-30;0.0;0.0;Nakit Temettü;0.0;0.0;10.0;5508000.0;0.1000000000090777
CIMSA;67392000.0;2003-04-14;0.0;0.0;Nakit Temettü;0.0;0.0;48.9;32954264.3;0.48899371290360877
TUPRS;275256514.0;2003-04-11;0.0;0.0;Nakit Temettü;0.0;0.0;59.876;149939887.343649;0.544727843729246
SAHOL;1000000000.0;2003-04-10;0.0;0.0;Nakit Temettü;0.0;0.0;5.0;40000000.0;0.04
AKBNK;816000000.0;2003-03-27;0.0;0.0;Nakit Temettü;0.0;0.0;5.291;43174603.174603;0.0529100529100527
SASA;690622304.0900035;2003-03-24;0.0;0.0;Bedelsiz Sermaye Artırımı;400.0;0.0;0.0;0.0;0.0
SAHOL;1000000000.0;2003-02-24;0.0;0.0;Bedelsiz Sermaye Artırımı;25.0;0.0;0.0;0.0;0.0
MGROS;55079999.995000005;2002-12-16;0.0;0.0;Nakit Temettü;500.0;0.0;0.0;0.0;0.0
CIMSA;67392000.0;2002-12-12;0.0;0.0;Bedelsiz Sermaye Artırımı;100.0;0.0;0.0;0.0;0.0
KRDMD;29519227.454000086;2002-11-25;0.0;0.0;Rüçhan Hakkı Kısıtlanarak;0.0;0.0;0.0;0.0;0.0
ENKAI;50355593.0;2002-11-22;0.0;0.0;Bedelsiz Sermaye Artırımı;123.16;0.0;0.0;0.0;0.0
AKBNK;816000000.0;2002-11-12;0.0;0.0;Bedelsiz Sermaye Artırımı;2.0;0.0;0.0;0.0;0.0
GARAN;791747816.0667509;2002-09-09;0.0;0.0;Bedelsiz Sermaye Artırımı;5.56637;0.0;0.0;0.0;0.0
ENKAI;22564654.0;2002-07-22;0.0;0.0;Birleşme Nedeniyle Yeni Kotasyon;0.0;0.0;0.0;0.0;0.0
HEKTS;19550022.21000001;2002-05-31;0.0;0.0;Bedelsiz Sermaye Artırımı;34.097;9.706;0.0;0.0;0.0
ULKER;96446250.00008899;2002-05-31;0.0;0.0;Nakit Temettü;0.0;0.0;7.01;960107.047231;0.009954840620865137
KCHOL;203156006.10000002;2002-05-08;0.0;0.0;Bedelsiz Sermaye Artırımı;89.761;10.239;0.0;0.0;0.0
SAHOL;800000000.0;2002-05-06;0.0;0.0;Bedelsiz Sermaye Artırımı;33.33;0.0;0.0;0.0;0.0
MGROS;9179999.995000005;2002-05-06;0.0;0.0;Nakit Temettü;0.0;0.0;50.0;4590000.0;0.5000000002723309
ASELS;29403000.0;2002-04-29;100.0;9801000.0;Bedelli ve Bedelsiz Sermaye Artırımı;100.0;0.0;0.0;0.0;0.0
TUPRS;275256514.0;2002-04-05;0.0;0.0;Nakit Temettü;0.0;0.0;55.67;139401932.0;0.5064437167143663
CIMSA;33696000.0;2002-04-03;0.0;0.0;Nakit Temettü;0.0;0.0;127.97;21561909.306;0.6398952191951568
CIMSA;33696000.0;2002-02-11;0.0;0.0;Bedelsiz Sermaye Artırımı;100.0;0.0;0.0;0.0;0.0
SISE;285000000.0;2002-02-04;78.342;65890000.0;Bedelli ve Bedelsiz Sermaye Artırımı;160.516;0.0;0.0;0.0;0.0
TOASO;170412875.0;2001-12-12;0.0;0.0;Bedelsiz Sermaye Artırımı;150.0;0.0;0.0;0.0;0.0
AEFES;50167474.518;2001-09-24;0.0;0.0;Bedelsiz Sermaye Artırımı;100.0;0.0;0.0;0.0;0.0
TUPRS;275256514.0;2001-09-24;0.0;0.0;Bedelsiz Sermaye Artırımı;235.0;0.0;0.0;0.0;0.0
KCHOL;101578003.10000002;2001-08-15;0.0;0.0;Birleşme;0.0;0.0;0.0;0.0;0.0
HEKTS;13595022.210000008;2001-08-06;0.0;0.0;Bedelsiz Sermaye Artırımı;31.8929721758702;0.0;0.0;0.0;0.0
PETKM;204750000.0;2001-08-01;25.0;29250000.0;Bedelli ve Bedelsiz Sermaye Artırımı;50.0;0.0;0.0;0.0;0.0
TCELL;500000000.0;2001-07-23;89.5617769604379;236233745.0;Bedelli Sermaye Artırımı;0.0;0.0;0.0;0.0;0.0
GARAN;750000000.0006349;2001-07-16;0.0;0.0;Bedelsiz Sermaye Artırımı;188.4615;0.0;0.0;0.0;0.0
AKBNK;800000000.0;2001-07-06;0.0;0.0;Bedelsiz Sermaye Artırımı;60.0;0.0;0.0;0.0;0.0
ULKER;96446250.00008899;2001-07-02;0.0;0.0;Bedelsiz ve Nakit Temettü;86.13;13.87;11.82;810000.0;0.009040683073823266
TOASO;68165150.0;2001-06-11;0.0;0.0;Birleşme;0.0;0.0;0.0;0.0;0.0
TCELL;263766255.0;2001-06-04;0.0;0.0;Bedelsiz Sermaye Artırımı;9.9;0.0;0.0;0.0;0.0
AEFES;25083737.125;2001-05-31;0.0;0.0;Nakit Temettü;0.0;0.0;20.07;5034243.431582;0.20069750398414765
ASELS;9801000.0;2001-05-31;0.0;0.0;Nakit Temettü;0.0;0.0;10.0;980100.0;0.1
FROTO;73106250.0;2001-05-31;0.0;0.0;Bedelsiz Sermaye Artırımı;100.0;50.0;0.0;0.0;0.0
MGROS;9179999.995000005;2001-05-31;0.0;0.0;Nakit Temettü;0.0;0.0;50.0;4590000.0;0.5000000002723309
YKBNK;752344693.48;2001-05-30;0.0;0.0;Bedelsiz Sermaye Artırımı;37.0;13.0;0.0;0.0;0.0
ISCTR;810840854.7200007;2001-05-28;0.0;0.0;Nakit Temettü;0.0;0.0;16.67;93148126.0;0.11487843201014566
ISCTR;810840854.7200007;2001-05-15;15.5;86665150.0;Bedelli ve Bedelsiz Sermaye Artırımı;29.5;0.0;0.0;0.0;0.0
KCHOL;85469600.10000002;2001-05-07;0.0;0.0;Bedelsiz ve Nakit Temettü;10.57;22.76;10.0;6410000.0;0.09999656782451057
TUPRS;99589314.0;2001-05-01;0.0;0.0;Nakit Temettü;0.0;0.0;291.3;217748323.304782;2.186462729372571
SASA;632942304.0900035;2001-04-16;0.0;0.0;Nakit Temettü;0.0;0.0;79.0;11391800.0;0.01799816496130444
CIMSA;16848000.0;2001-04-09;0.0;0.0;Nakit Temettü;0.0;0.0;39.0;6570720.0;0.39
AKBNK;500000000.0;2001-03-29;0.0;0.0;Nakit Temettü;0.0;0.0;5.25;26250000.0;0.0525
SAHOL;600000000.0;2001-02-09;5.0;22500000.0;Bedelli ve Bedelsiz Sermaye Artırımı;28.333333;0.0;0.0;0.0;0.0
THYAO;175000000.0;2000-12-15;8.333333;12500000.0;Bedelli ve Bedelsiz Sermaye Artırımı;8.333333;0.0;0.0;0.0;0.0
KRDMD;25269667.454000086;2000-09-07;0.0;0.0;Rüçhan Hakkı Kısıtlanarak;0.0;0.0;0.0;0.0;0.0
ULKER;89595000.00008899;2000-08-01;0.0;0.0;Nakit Temettü;0.0;0.0;9.48732;650000.0;0.007254869133314966
TCELL;240000000.0;2000-07-03;0.0;0.0;Birincil Halka Arz;0.0;0.0;0.0;0.0;0.0
MGROS;9179999.995000005;2000-06-28;0.0;0.0;Bedelsiz Temettü;0.0;200.0;0.0;0.0;0.0
SISE;84106000.0;2000-06-16;5.0632;4000000.0;Bedelli ve Bedelsiz Sermaye Artırımı;0.0;1.4;0.0;0.0;0.0
AKBNK;500000000.0;2000-06-07;0.0;0.0;Bedelsiz Sermaye Artırımı;12.0;88.0;0.0;0.0;0.0
KCHOL;64102200.100000024;2000-05-31;0.0;0.0;Bedelsiz ve Nakit Temettü;100.0;0.0;15.0;4808000.0;0.1500104515913323
YKBNK;501563129.087;2000-05-31;0.0;0.0;Bedelsiz Sermaye Artırımı;45.0;64.0;0.0;0.0;0.0
ASELS;9801000.0;2000-05-30;0.0;0.0;Bedelsiz Sermaye Artırımı;50.0;50.0;0.0;0.0;0.0
ISCTR;559232354.7200007;2000-05-29;0.0;0.0;Nakit Temettü;0.0;0.0;28.4;79201000.0;0.1416244953131418
MGROS;3059999.995000005;2000-05-25;0.0;0.0;Nakit Temettü;0.0;0.0;150.0;4590000.0;1.500000002450978
HEKTS;10307622.210000008;2000-05-24;21.25;1500250.0;Bedelli ve Bedelsiz Sermaye Artırımı;24.75;0.0;0.0;0.0;0.0
ISCTR;559232354.7200007;2000-05-15;26.0;72686900.0;Bedelli ve Bedelsiz Sermaye Artırımı;74.0;0.0;0.0;0.0;0.0
PETKM;117000000.0;2000-05-01;0.0;0.0;Nakit Temettü;0.0;0.0;12.5;14625000.0;0.125
CIMSA;16848000.0;2000-04-28;0.0;0.0;Nakit Temettü;0.0;0.0;31.0;5223000.0;0.31000712250712253
SAHOL;450000000.0;2000-04-10;0.0;0.0;Nakit Temettü;0.0;0.0;8.0;10000000.0;0.022222222222222223
SAHOL;450000000.0;2000-03-29;134.0;167500000.0;Bedelli ve Bedelsiz Sermaye Artırımı;126.0;0.0;0.0;0.0;0.0
AKBNK;250000000.0;2000-03-27;0.0;0.0;Nakit Temettü;0.0;0.0;15.86;39650000.0;0.1586
THYAO;150000000.0;2000-03-24;100.0;50000000.0;Bedelli ve Bedelsiz Sermaye Artırımı;100.0;0.0;0.0;0.0;0.0
TUPRS;99589314.0;2000-03-07;0.0;0.0;Nakit Temettü;0.0;0.0;244.090708;182462686.0;1.8321512486771423
SISE;79000000.0;2000-01-17;0.0;0.0;Bedelsiz Sermaye Artırımı;83.294664;0.0;0.0;0.0;0.0
HEKTS;7060022.210000008;1999-12-17;26.98421;1500253.632;Bedelli Sermaye Artırımı;0.0;0.0;0.0;0.0;0.0
KRDMD;15269667.454000086;1999-11-23;189.765272;10000000.0;Bedelli Sermaye Artırımı;0.0;0.0;0.0;0.0;0.0
THYAO;50000000.0;1999-08-23;33.333333;10000000.0;Bedelli ve Bedelsiz Sermaye Artırımı;33.333333;0.0;0.0;0.0;0.0
MGROS;3059999.995000005;1999-07-05;0.0;0.0;Bedelsiz Sermaye Artırımı;200.0;0.0;0.0;0.0;0.0
ULKER;89595000.00008899;1999-07-05;40.0;1096200.0;Bedelli ve Bedelsiz Sermaye Artırımı;110.0;0.0;0.0;0.0;0.0
SASA;632942304.0900035;1999-06-29;0.0;0.0;Bedelsiz Sermaye Artırımı;100.0;0.0;0.0;0.0;0.0
TOASO;63504000.0;1999-06-22;185.0;32634000.0;Bedelli ve Bedelsiz Sermaye Artırımı;75.0;0.0;0.0;0.0;0.0
HEKTS;5559768.578000008;1999-06-16;10.68;325181.2224;Bedelli ve Bedelsiz Sermaye Artırımı;49.76;22.16;0.0;0.0;0.0
GARAN;260000000.0006349;1999-06-14;0.0;0.0;Bedelsiz Sermaye Artırımı;420.0;0.0;0.0;0.0;0.0
ASELS;4900500.0;1999-05-31;0.0;0.0;Bedelsiz ve Nakit Temettü;35.0;15.0;10.0;326700.0;0.1
SAHOL;125000000.0;1999-05-31;0.0;0.0;Nakit Temettü;0.0;0.0;5.0;6250000.0;0.05
MGROS;1019999.9950000048;1999-05-31;0.0;0.0;Nakit Temettü;0.0;0.0;300.0;3060000.0;3.0000000147058685
SISE;43100000.0;1999-05-31;0.0;0.0;Nakit Temettü;0.0;0.0;14.0;3234000.0;0.07503480278422274
ULKER;85484250.00008899;1999-05-28;0.0;0.0;Nakit Temettü;0.0;0.0;50.0;1370250.0;0.01602926854945295
FROTO;29242500.0;1999-05-26;0.0;0.0;Bedelsiz Sermaye Artırımı;800.0;1200.0;0.0;0.0;0.0
KCHOL;32051100.100000024;1999-05-24;0.0;0.0;Bedelsiz ve Nakit Temettü;100.0;0.0;20.0;3205110.0;0.19999999875199262
ISCTR;279667354.72000074;1999-05-24;0.0;0.0;Nakit Temettü;0.0;0.0;40.5;51385995.0;0.18373969693905454
AKBNK;250000000.0;1999-05-20;0.0;0.0;Nakit Temettü;0.0;0.0;65.0;81250000.0;0.325
CIMSA;16848000.0;1999-05-20;0.0;0.0;Bedelsiz Sermaye Artırımı;300.0;0.0;0.0;0.0;0.0
YKBNK;239982358.587;1999-05-17;50.0;66661766.19;Bedelli, bedelsiz, nakit temettü;30.0;0.0;50.0;66661766.19;0.4999999988486653
ISCTR;279667354.72000074;1999-05-13;40.0;50830000.0;Bedelli ve Bedelsiz Sermaye Artırımı;80.0;0.0;0.0;0.0;0.0
AKBNK;250000000.0;1999-05-07;50.0;62500000.0;Bedelli ve Bedelsiz Sermaye Artırımı;50.0;0.0;0.0;0.0;0.0
CIMSA;4212000.0;1999-05-05;0.0;0.0;Nakit Temettü;0.0;0.0;100.0;4212000.0;1.0
PETKM;117000000.0;1999-05-03;0.0;0.0;Nakit Temettü;0.0;0.0;6.0;7020000.0;0.06
SASA;625732304.0900035;1999-05-03;0.0;0.0;Nakit Temettü;0.0;0.0;20.0;1442000.0;0.0023044998485368066
TUPRS;99589314.0;1999-04-05;0.0;0.0;Nakit Temettü;0.0;0.0;44.26;33082036.41;0.33218459974531
SISE;43100000.0;1999-04-05;43.290043;10000000.0;Bedelli ve Bedelsiz Sermaye Artırımı;43.290043;0.0;0.0;0.0;0.0
PETKM;117000000.0;1999-03-15;0.0;0.0;Bedelsiz Sermaye Artırımı;3800.0;0.0;0.0;0.0;0.0
EREGL;44352000.0;1999-02-24;200.0;12672000.0;Bedelli ve Bedelsiz Sermaye Artırımı;400.0;0.0;0.0;0.0;0.0
TOASO;17640000.0;1998-12-14;0.0;0.0;Bedelsiz Sermaye Artırımı;40.0;0.0;0.0;0.0;0.0
GARAN;50000000.00063491;1998-11-12;0.0;0.0;Bedelsiz Sermaye Artırımı;25.0;0.0;0.0;0.0;0.0
TUPRS;99589314.0;1998-11-09;75.0;22425600.0;Bedelli ve Bedelsiz Sermaye Artırımı;75.0;0.0;0.0;0.0;0.0
YKBNK;133323532.687;1998-11-09;0.0;0.0;Bedelsiz Sermaye Artırımı;24.0;0.0;0.0;0.0;0.0
ULKER;85484250.00008899;1998-10-05;80.0;548100.0;Bedelli ve Bedelsiz Sermaye Artırımı;220.0;0.0;0.0;0.0;0.0
SAHOL;125000000.0;1998-08-24;80.0;40000000.0;Bedelli ve Bedelsiz Sermaye Artırımı;70.0;0.0;0.0;0.0;0.0
MGROS;1019999.9950000048;1998-08-18;0.0;0.0;İkincil Halka Arz;0.0;0.0;0.0;0.0;0.0
HEKTS;3044790.2098000078;1998-06-22;0.0;0.0;Bedelsiz Sermaye Artırımı;52.439972;40.560028;0.0;0.0;0.0
KRDMD;5269667.454000086;1998-06-01;11.12;266441.05;Birincil Halka Arz;111.29;0.0;0.0;0.0;0.0
ASELS;3267000.0;1998-05-29;0.0;0.0;Bedelsiz Sermaye Artırımı;15.0;35.0;0.0;0.0;0.0
CIMSA;4212000.0;1998-05-29;0.0;0.0;Nakit Temettü;0.0;0.0;38.0;1600560.0;0.38
MGROS;944999.9950000048;1998-05-29;0.0;0.0;Nakit Temettü;0.0;0.0;100.0;945000.0;1.0000000052910003
ULKER;83428875.00008899;1998-05-29;0.0;0.0;Nakit Temettü;0.0;0.0;100.0;685125.0;0.008212084844716763
SASA;625732304.0900035;1998-05-28;0.0;0.0;Nakit Temettü;0.0;0.0;86.6;6243860.0;0.009978484344164372
KCHOL;16025550.100000024;1998-05-25;0.0;0.0;Nakit Temettü;0.0;0.0;20.0;3205110.0;0.19999999875199262
ISCTR;127177354.72000074;1998-05-25;0.0;0.0;Nakit Temettü;0.0;0.0;40.074999999999996;20291575.5;0.15955336973846346
SAHOL;50000000.0;1998-05-21;0.0;0.0;Nakit Temettü;0.0;0.0;13.0;6500000.0;0.13
AKBNK;125000000.0;1998-05-20;0.0;0.0;Nakit Temettü;0.0;0.0;100.0;50000000.0;0.4
ISCTR;127177354.72000074;1998-05-15;37.5;19061250.0;Bedelli ve Bedelsiz Sermaye Artırımı;112.5;0.0;0.0;0.0;0.0
YKBNK;107518978.037;1998-05-15;40.0;24026587.2;Bedelli, bedelsiz, nakit temettü;39.0;0.0;40.0;24026587.0;0.39999999455936047
AKBNK;125000000.0;1998-05-08;90.0;45000000.0;Bedelli ve Bedelsiz Sermaye Artırımı;60.0;0.0;0.0;0.0;0.0
SISE;23100000.0;1998-05-08;25.0;4620000.0;Bedelli Sermaye Artırımı;0.0;0.0;0.0;0.0;0.0
PETKM;3000000.0;1998-05-01;0.0;0.0;Nakit Temettü;0.0;0.0;985.0;29550000.0;9.85
FROTO;1392500.0;1998-04-20;0.0;0.0;Nakit Temettü;0.0;0.0;1100.0;15317500.0;11.0
SISE;18480000.0;1998-03-31;0.0;0.0;Nakit Temettü;0.0;0.0;19.4;3585120.0;0.194
THYAO;30000000.0;1998-01-23;100.0;10000000.0;Bedelli ve Bedelsiz Sermaye Artırımı;100.0;0.0;0.0;0.0;0.0
SISE;18480000.0;1998-01-15;0.0;0.0;Bedelsiz Sermaye Artırımı;65.0;0.0;0.0;0.0;0.0
CIMSA;4212000.0;1997-12-23;0.0;0.0;Bedelsiz Sermaye Artırımı;200.0;0.0;0.0;0.0;0.0
KCHOL;16025550.100000024;1997-11-24;0.0;0.0;Bedelsiz Sermaye Artırımı;50.0;0.0;0.0;0.0;0.0
ISCTR;50932354.720000744;1997-09-03;40.0;4066400.0;Bedelli ve Bedelsiz Sermaye Artırımı;360.0;0.0;0.0;0.0;0.0
KCHOL;10683700.100000024;1997-09-02;0.0;0.0;Birleşme;0.0;0.0;0.0;0.0;0.0
TUPRS;54738114.0;1997-07-14;270.0;12614400.0;Bedelli ve Bedelsiz Sermaye Artırımı;270.0;0.0;0.0;0.0;0.0
SAHOL;50000000.0;1997-07-02;21.6;5400000.0;Bedelli ve Bedelsiz Sermaye Artırımı;58.4;0.0;0.0;0.0;0.0
SISE;11200000.0;1997-06-30;0.0;0.0;Bedelsiz Sermaye Artırımı;50.0;50.0;0.0;0.0;0.0
FROTO;1392500.0;1997-06-24;0.0;0.0;Birleşme;0.0;0.0;0.0;0.0;0.0
HEKTS;1577622.2098000078;1997-06-23;0.0;0.0;Bedelsiz Sermaye Artırımı;43.11;26.89;0.0;0.0;0.0
TOASO;12600000.0;1997-06-23;0.0;0.0;Bedelsiz Sermaye Artırımı;45.24;4.76;0.0;0.0;0.0
EREGL;6336000.0;1997-05-30;0.0;0.0;Nakit Temettü;0.0;0.0;45.37;2874543.0;0.4536841856060606
HEKTS;928022.2098000078;1997-05-30;0.0;0.0;Nakit Temettü;0.0;0.0;48.2;447296.0;0.48198846458253836
MGROS;944999.9950000048;1997-05-30;0.0;0.0;Bedelsiz ve Nakit Temettü;75.0;0.0;50.0;270000.0;0.5000000046296252
TOASO;8400000.0;1997-05-30;0.0;0.0;Nakit Temettü;0.0;0.0;14.3;1201200.0;0.143
ASELS;2178000.0;1997-05-28;0.0;0.0;Bedelsiz ve Nakit Temettü;30.0;20.0;20.0;290400.0;0.2
CIMSA;1404000.0;1997-05-26;0.0;0.0;Nakit Temettü;0.0;0.0;39.0;547560.0;0.39
KCHOL;10000000.100000024;1997-05-26;0.0;0.0;Nakit Temettü;0.0;0.0;15.0;1622850.0;0.16228499837714963
PETKM;3000000.0;1997-05-23;0.0;0.0;Nakit Temettü;0.0;0.0;640.0;19200000.0;6.4
SASA;625732304.0900035;1997-05-22;0.0;0.0;Nakit Temettü;0.0;0.0;55.6;2863400.0;0.0045760782706659444
YKBNK;60066468.317;1997-05-12;60.0;15467760.0;Bedelli, bedelsiz, nakit temettü;73.0;0.0;60.0;15467760.0;0.5999999926220733
ULKER;83428875.00008899;1997-05-10;0.0;0.0;Bedelsiz ve Nakit Temettü;200.0;0.0;22.56;154545.4545;0.001862618975949263
GARAN;40000000.00063491;1997-05-09;78.644444;14156000.0;Bedelli ve Bedelsiz Sermaye Artırımı;43.577778;0.0;0.0;0.0;0.0
ISCTR;10268354.720000744;1997-04-30;0.0;0.0;Nakit Temettü;0.0;0.0;40.05;3992985.0;0.3888631732036338
SASA;625732304.0900035;1997-04-10;0.0;0.0;Bedelsiz Sermaye Artırımı;40.0;0.0;0.0;0.0;0.0
AKBNK;50000000.0;1997-04-09;0.0;0.0;Nakit Temettü;0.0;0.0;120.0;21600000.0;0.432
FROTO;1380000.0;1997-04-07;0.0;0.0;Nakit Temettü;0.0;0.0;401.08;5294256.0;3.836417391304348
GARAN;18000000.00063491;1997-04-01;0.0;0.0;Nakit Temettü;0.0;0.0;78.64;14156000.0;0.7864444444167045
AKBNK;50000000.0;1997-03-28;100.0;18000000.0;Bedelli ve Bedelsiz Sermaye Artırımı;77.77;0.0;0.0;0.0;0.0
ULKER;82972125.00008899;1997-03-27;0.0;0.0;Nakit Temettü;0.0;0.0;19.74;45092.15075;0.0005434614426224667
FROTO;1380000.0;1997-03-10;0.0;0.0;Birleşme;0.0;0.0;0.0;0.0;0.0
EREGL;6336000.0;1996-06-27;0.0;0.0;Nakit Temettü;0.0;0.0;65.26;4134988.0;0.6526180555555555
TOASO;8400000.0;1996-05-27;0.0;0.0;Bedelsiz Sermaye Artırımı;50.0;25.0;0.0;0.0;0.0
PETKM;3000000.0;1996-04-04;0.0;0.0;Nakit Temettü;0.0;0.0;668.8;20064000.0;6.688
AEFES;5921052630.0;Açıklanmadı;0.0;0.0;Bedelsiz Sermaye Artırımı;900.0;0.0;0.0;0.0;0.0
