Hisse Kodu;Dağıtma Tarihi;Temettü Verimi (%);Hisse Başına Brüt TL;Brüt Temettü Oranı (%);Hisse Başına Net TL;Net Temettü Oranı (%)
AKBNK;26032025;2.18;1.2220;122.20;103.87;6354400000;15
AKBNK;26032024;4.17;1.9175;191.75;172.58;9971000000;15
AKBNK;30032023;9.28;1.7300;173.00;155.70;8996000000;15
AKBNK;30032022;3.17;0.2330;23.30;20.97;1211600000;10
AKBNK;26032021;2.48;0.1204;12.04;10.23;626080000;10
AKBNK;28032018;4.12;0.4000;40.00;34.00;1600000000;26
AKBNK;30032017;2.56;0.2250;22.50;19.13;900000000;19
AKBNK;30032016;1.89;0.1500;15.00;12.75;600000000;20
AKBNK;30032015;1.82;0.1424;14.24;12.10;569600000;18
AKBNK;30032014;1.69;0.1167;11.67;9.92;466800000;16
AKBNK;28032013;1.50;0.1425;14.25;12.11;570000000;19
AKBNK;02042012;1.49;0.1045;10.45;8.83;418000000;17
AKBNK;22032011;1.83;0.1425;14.25;12.11;570000000;20
AKBNK;30032010;1.78;0.1800;18.00;15.30;540000000;20
AKBNK;31032009;2.50;0.1200;12.00;12.00;360000000;21
AKBNK;31032008;4.10;0.2400;24.00;20.04;720000000;35
AKBNK;30032007;3.17;0.3000;30.00;25.50;660000000;42
AKBNK;29032006;2.70;0.3000;30.00;27.00;540001363;37
AKBNK;28032005;3.68;0.2500;25.00;22.50;375000000;37
AKBNK;30032004;3.42;0.2500;25.00;22.50;300000000;23
AKBNK;26032003;1.20;0.0529;5.29;5.00;43174603;7
AKBNK;29032001;1.59;0.0525;5.25;5.00;26250000;8
AKBNK;27032000;1.22;0.1586;15.86;15.00;39650000;A/D
AKBNK;19051999;8.55;0.6500;65.00;65.00;81250000;A/D
AKBNK;19051998;10.75;1.0000;100.00;100.00;50000000;A/D
AKBNK;08041997;12.24;1.2000;120.00;120.00;21600000;A/D
AEFES;27052025;0.84;1.2740;127.40;108.29;754342105;5
AEFES;28052024;1.13;2.3500;235.00;211.50;1391447368;4
AEFES;18092023;1.02;1.0657;106.57;95.91;631006579;4
AEFES;23052023;1.80;1.0657;106.57;95.91;631006579;4
AEFES;20052022;6.13;1.8545;185.45;166.91;1098059210;103
AEFES;28052021;7.85;1.9348;193.48;164.46;1145605263;141
AEFES;14072020;7.81;1.7740;177.40;150.79;1050394737;102
AEFES;31052019;2.56;0.5068;50.68;43.08;300078947;A/D
AEFES;29052018;1.61;0.4224;42.24;35.90;250105263;167
AEFES;29052017;1.16;0.2450;24.50;20.83;145065789;A/D
AEFES;30052016;1.29;0.2450;24.50;20.83;145065789;A/D
AEFES;29052015;1.90;0.4600;46.00;39.10;272368421;A/D
AEFES;30052013;1.69;0.4500;45.00;38.25;266447368;44
AEFES;29052012;1.96;0.4500;45.00;38.25;202500000;59
AEFES;27052011;2.11;0.4800;48.00;40.80;216000000;43
AEFES;28052010;1.80;0.3200;32.00;27.20;144000000;34
AEFES;28052009;2.02;0.2580;25.80;21.93;116100000;37
AEFES;29052008;2.18;0.2530;25.30;21.51;113850000;30
AEFES;27052007;1.68;0.8500;85.00;73.23;95945296;36
AEFES;28052006;2.10;0.8500;85.00;77.80;95945296;33
AEFES;29052005;3.06;0.8500;85.00;77.40;95945296;41
AEFES;13062004;4.08;0.7500;75.00;67.95;84657614;37
AEFES;29052003;0.67;0.2000;20.00;20.00;10033495;39
AEFES;30052001;0.41;0.2007;20.07;20.00;5034243;32
ASELS;25112025;0.17;0.2346;23.46;19.95;1070000000;6
ASELS;25112024;0.16;0.1118;11.18;10.07;510000000;5
ASELS;22112023;0.19;0.0877;8.77;7.89;400000000;31
ASELS;16112022;0.49;0.2018;20.18;18.16;460000000;6
ASELS;19112021;0.94;0.1754;17.54;14.91;400000000;9
ASELS;18122020;0.27;0.0490;4.90;4.16;55833324;2
ASELS;16102020;0.27;0.0490;4.90;4.16;55833324;2
ASELS;17072020;0.30;0.0980;9.80;8.33;111666648;3
ASELS;18122019;0.26;0.0509;5.09;4.32;57999894;3
ASELS;18092019;0.26;0.0509;5.09;4.32;57999894;3
ASELS;19062019;0.28;0.0509;5.09;4.32;57999894;3
ASELS;13122018;0.10;0.0247;2.47;2.10;28199952;2
ASELS;13092018;0.10;0.0247;2.47;2.10;28199952;2
ASELS;19062018;0.13;0.0247;2.47;2.10;28199952;2
ASELS;14122017;0.08;0.0252;2.52;2.14;25166600;3
ASELS;14092017;0.09;0.0252;2.52;2.14;25166700;3
ASELS;08062017;0.12;0.0252;2.52;2.14;25166700;3
ASELS;01122016;0.13;0.0140;1.40;1.19;14000000;7
ASELS;26092016;0.14;0.0140;1.40;1.19;14000000;7
ASELS;10062016;0.15;0.0140;1.40;1.19;14000000;7
ASELS;29052015;0.90;0.1300;13.00;11.05;65000000;17
ASELS;30052014;0.53;0.0500;5.00;4.25;25000000;11
ASELS;31052013;1.44;0.1570;15.70;13.35;78500000;26
ASELS;31052012;2.02;0.1975;19.75;16.79;46456740;29
ASELS;30052011;1.61;0.1390;13.90;11.82;32696136;14
ASELS;31052010;3.86;0.4900;49.00;41.65;57629880;31
ASELS;29052009;1.20;0.0500;5.00;4.25;5880600;48
ASELS;30052008;4.13;0.9500;95.00;80.75;27932850;28
ASELS;30052007;2.83;0.8000;80.00;68.00;23522400;31
ASELS;30052006;3.27;0.9000;90.00;81.00;26462700;29
ASELS;29052005;3.85;0.7000;70.00;63.00;20582100;36
ASELS;28092003;4.18;0.4721;47.21;44.91;13881156;28
ASELS;29052003;2.73;0.2540;25.40;24.17;7468362;15
ASELS;30052001;0.95;0.1000;10.00;10.00;980100;22
ASELS;30051999;0.56;0.1000;10.00;10.00;326700;A/D
ASELS;27051997;1.74;0.2000;20.00;20.00;290400;A/D
ASTOR;18082025;1.58;1.5121;151.21;128.53;1509063425;27
ASTOR;31072024;1.36;1.3205;132.05;118.84;1317841635;20
ASTOR;02052023;1.07;0.5290;52.90;47.61;527975233;26
BIMAS;17122025;0.96;5.0000;500.00;425.00;3000000000;15
BIMAS;17092025;0.77;4.0000;400.00;340.00;2400000000;12
BIMAS;18062025;0.77;4.0000;400.00;340.00;2400000000;12
BIMAS;18122024;0.77;4.0000;400.00;360.00;2428800000;11
BIMAS;02102024;0.83;4.0000;400.00;360.00;2428800000;11
BIMAS;17072024;0.34;2.0000;200.00;180.00;1214400000;5
BIMAS;20122023;0.98;3.0000;300.00;270.00;1821600000;11
BIMAS;14062023;1.21;2.0000;200.00;180.00;1214400000;7
BIMAS;14122022;1.13;1.5000;150.00;135.00;1639440000;56
BIMAS;15062022;1.79;1.5000;150.00;135.00;1639440000;56
BIMAS;17112021;3.01;2.0000;200.00;170.00;1214400000;47
BIMAS;20052021;3.05;2.0000;200.00;170.00;1214400000;47
BIMAS;08012021;2.60;2.0000;200.00;170.00;1214400000;47
BIMAS;13052020;0.97;0.5000;50.00;42.50;303600000;25
BIMAS;11122019;0.90;0.4000;40.00;34.00;242880000;19
BIMAS;18112019;1.30;0.6000;60.00;51.00;364320000;29
BIMAS;12062019;1.53;1.2000;120.00;102.00;364320000;29
BIMAS;07112018;1.01;0.8000;80.00;68.00;242880000;28
BIMAS;06062018;1.65;1.1000;110.00;93.50;333960000;39
BIMAS;08112017;0.74;0.6000;60.00;51.00;182160000;27
BIMAS;07062017;1.40;0.9000;90.00;76.50;273240000;41
BIMAS;07112016;1.05;0.5000;50.00;42.50;151800000;26
BIMAS;06062016;1.03;0.6000;60.00;51.00;182160000;31
BIMAS;21102015;0.67;0.4000;40.00;34.00;121440000;31
BIMAS;20052015;0.99;0.5000;50.00;42.50;151800000;38
BIMAS;15102014;0.63;0.3000;30.00;25.50;91080000;22
BIMAS;21052014;1.07;0.5000;50.00;42.50;151800000;37
BIMAS;24052013;1.57;1.4500;145.00;123.25;220110000;66
BIMAS;25052012;1.77;1.3000;130.00;110.50;197340000;66
BIMAS;17052011;2.31;1.2000;120.00;102.00;182160000;74
BIMAS;18052010;2.08;1.7500;175.00;148.75;132825000;62
BIMAS;22112009;0.74;0.4500;45.00;38.25;34155000;30
BIMAS;27052009;1.67;0.8000;80.00;68.00;60720000;53
BIMAS;28052008;1.45;1.9000;190.00;161.15;48070000;44
BIMAS;15052007;2.78;2.2000;220.00;187.00;55660000;77
BIMAS;19042006;2.38;1.0000;100.00;90.00;25300000;84
CIMSA;02042025;1.23;0.6345;63.45;53.93;600000000;20
CIMSA;29042024;3.21;1.0575;105.75;95.18;1000000000;28
CIMSA;03042023;3.17;2.9611;296.11;266.50;400000000;10
CIMSA;31032022;4.10;1.4806;148.06;133.25;200000000;20
CIMSA;29032018;3.62;0.5000;50.00;42.50;67542221;30
CIMSA;29032017;8.48;1.4200;142.00;120.70;191819908;78
CIMSA;30032016;9.07;1.4900;149.00;126.65;201275819;82
CIMSA;30032015;7.85;1.2920;129.20;109.82;174529099;90
CIMSA;27032014;9.34;1.1540;115.40;98.09;155887446;52
CIMSA;01042013;6.54;0.7260;72.60;61.71;98071305;85
CIMSA;26042012;8.76;0.7900;79.00;67.15;106716709;86
CIMSA;07042011;6.65;0.7020;70.20;59.67;94829278;91
CIMSA;15042010;6.41;0.6060;60.60;51.51;81861172;76
CIMSA;25052009;9.50;0.4294;42.94;36.50;58005259;76
CIMSA;14042008;14.90;1.1100;111.00;94.35;149943731;52
CIMSA;14052007;8.74;0.8700;87.00;73.95;105535872;78
CIMSA;03052006;3.25;0.3700;37.00;33.30;44883072;46
CIMSA;27042005;8.09;0.3900;39.00;35.10;47309184;73
CIMSA;27042004;6.13;0.2100;21.00;18.90;25474176;50
CIMSA;13042003;10.08;0.4890;48.90;47.00;32954264;87
CIMSA;02042002;17.29;1.2797;127.97;125.00;21561909;76
CIMSA;08042001;4.53;0.3900;39.00;39.00;6570720;49
CIMSA;27042000;1.91;0.3100;31.00;31.00;5223000;A/D
CIMSA;04051999;5.33;1.0000;100.00;100.00;4212000;A/D
CIMSA;28051998;2.49;0.3800;38.00;38.00;1600560;A/D
CIMSA;25051997;2.17;0.3900;39.00;39.00;547560;A/D
EKGYO;16062025;2.59;0.4000;40.00;40.00;1520000000;11
EKGYO;12042023;3.28;0.2390;23.90;23.90;908200000;69
EKGYO;25042022;3.53;0.1027;10.27;10.27;390260000;27
EKGYO;05052021;1.19;0.0217;2.17;2.17;82460000;10
EKGYO;23072020;0.84;0.0202;2.02;2.02;76646000;10
EKGYO;31052019;2.89;0.0324;3.24;3.24;122930000;10
EKGYO;31052018;7.57;0.1755;17.55;17.55;666976000;38
EKGYO;24052016;3.53;0.0968;9.68;9.68;367688000;39
EKGYO;26052015;3.09;0.0965;9.65;9.65;366738000;38
EKGYO;26052014;4.33;0.1231;12.31;12.31;467780000;44
EKGYO;09052013;2.56;0.0800;8.00;8.00;200000000;38
EKGYO;30042012;2.02;0.0474;4.74;4.74;118573102;52
EKGYO;31032011;2.57;0.0702;7.02;7.02;175493722;32
ENKAI;11062025;0.50;0.3167;31.67;26.92;1900000000;7
ENKAI;16042025;3.13;2.0000;200.00;170.00;12000000000;44
ENKAI;14052024;3.24;1.2500;125.00;114.62;7500000000;44
ENKAI;03012024;1.47;0.5000;50.00;45.00;3000000000;18
ENKAI;12042023;1.13;0.3633;36.33;33.24;2180000000;111
ENKAI;13042022;3.07;0.5000;50.00;45.00;2800000000;54
ENKAI;05012022;1.28;0.2000;20.00;18.00;1120000000;22
ENKAI;13042021;4.45;0.3571;35.71;30.36;2000000000;44
ENKAI;14042020;2.62;0.1800;18.00;16.41;900000000;23
ENKAI;13112019;2.47;0.1400;14.00;11.90;700000000;44
ENKAI;17042019;2.96;0.1500;15.00;13.67;750000000;47
ENKAI;12122018;0.88;0.0400;4.00;3.40;200000000;8
ENKAI;17042018;2.26;0.1200;12.00;10.91;552000000;21
ENKAI;13122017;0.70;0.0400;4.00;3.40;184000000;10
ENKAI;27092017;0.68;0.0359;3.59;3.05;165000000;9
ENKAI;19042017;1.99;0.1200;12.00;10.81;504000000;28
ENKAI;14122016;0.67;0.0333;3.33;2.83;139998600;10
ENKAI;28092016;0.75;0.0333;3.33;2.83;118986000;8
ENKAI;20042016;1.63;0.0800;8.00;7.10;320000000;22
ENKAI;10112015;1.36;0.0700;7.00;5.95;280000000;19
ENKAI;14042015;1.52;0.0833;8.33;7.58;300000000;21
ENKAI;15082014;1.50;0.0800;8.00;6.80;288000000;23
ENKAI;16042014;1.35;0.0850;8.50;7.45;272000000;22
ENKAI;08052013;1.43;0.0800;8.00;6.80;224000000;20
ENKAI;10102012;0.61;0.0286;2.86;2.43;80000000;9
ENKAI;15052012;1.56;0.0840;8.40;7.43;210000000;25
ENKAI;16052011;1.20;0.0727;7.27;6.18;160000000;20
ENKAI;17052010;1.19;0.0800;8.00;6.80;144000000;18
ENKAI;18052009;1.18;0.0900;9.00;7.65;108000000;14
ENKAI;26052008;0.35;0.0600;6.00;5.10;54000000;7
ENKAI;23052007;0.33;0.0750;7.50;6.38;45000000;8
ENKAI;23052006;0.49;0.1000;10.00;10.00;30000000;7
ENKAI;30052005;0.68;0.1500;15.00;13.90;30000000;8
ENKAI;11052004;0.74;0.2000;20.00;18.00;20000000;11
ENKAI;27052003;0.70;0.3500;35.00;35.00;17624458;39
EREGL;02072025;1.06;0.2500;25.00;21.25;1750000000;12
EREGL;16042024;1.21;0.5000;50.00;45.00;1750000000;43
EREGL;22032022;12.27;4.4500;445.00;400.50;15575000000;100
EREGL;24032021;12.01;1.8500;185.00;157.61;6475000000;196
EREGL;17072020;2.56;0.2300;23.00;19.55;805000000;24
EREGL;08052019;15.49;1.3800;138.00;124.64;4830000000;86
EREGL;29052018;6.79;0.8400;84.00;76.85;2940000000;78
EREGL;05042017;6.84;0.4100;41.00;37.41;1435000000;95
EREGL;25052016;6.82;0.3000;30.00;25.50;1050000000;93
EREGL;26052015;8.33;0.4000;40.00;34.00;1400000000;87
EREGL;26052014;7.39;0.2343;23.43;19.91;819999950;89
EREGL;19112013;4.21;0.1157;11.57;9.84;405000050;90
EREGL;30052013;1.57;0.0343;3.43;2.91;120050000;27
EREGL;29052012;6.49;0.1395;13.95;11.86;300000000;30
EREGL;30052011;6.71;0.2813;28.13;23.91;450000000;59
EREGL;28052008;3.02;0.3533;35.33;30.03;298202993;44
EREGL;28052007;0.99;0.1470;14.70;12.50;71717184;10
EREGL;30052006;2.81;0.1883;18.83;18.83;91854807;47
EREGL;29052005;13.28;0.7900;79.00;79.00;385418880;49
EREGL;29051997;2.56;0.4537;45.37;45.37;2874543;A/D
EREGL;26061996;7.25;0.6526;65.26;65.26;4134988;A/D
FROTO;03042025;1.64;17.1000;1710.00;1453.50;6000561000;14
FROTO;22112024;1.40;14.2500;1425.00;1282.50;5000467500;7
FROTO;08042024;3.55;43.3000;4330.00;3897.00;15194403000;21
FROTO;30102023;3.51;29.7600;2976.00;2678.40;10443081600;38
FROTO;13032023;2.32;14.2500;1425.00;1282.50;5000467500;18
FROTO;30112022;1.29;5.7000;570.00;513.00;2000187000;23
FROTO;24032022;4.11;13.0000;1300.00;1170.00;4561830000;52
FROTO;19112021;1.67;3.7700;377.00;320.45;1322930700;32
FROTO;24032021;3.06;6.4200;642.00;545.70;2252842200;54
FROTO;23032020;6.68;3.1200;312.00;265.20;1094839200;56
FROTO;19112019;1.80;1.2300;123.00;104.55;431619300;26
FROTO;01042019;4.98;2.4300;243.00;206.55;852711300;51
FROTO;20112018;2.13;1.1500;115.00;97.75;403546500;27
FROTO;02042018;3.66;2.2800;228.00;193.80;800074800;54
FROTO;31102017;2.14;1.1100;111.00;94.35;389510100;41
FROTO;03042017;3.20;1.1400;114.00;96.90;400037400;42
FROTO;22112016;3.04;0.8900;89.00;75.65;312309900;37
FROTO;04042016;2.71;1.0000;100.00;85.00;350910000;42
FROTO;16102015;1.71;0.5700;57.00;48.45;200018700;34
FROTO;01042015;1.70;0.5700;57.00;48.45;200018700;34
FROTO;03112014;1.80;0.5000;50.00;42.50;175455000;27
FROTO;03042013;3.23;0.8550;85.50;72.68;300028050;44
FROTO;30102012;3.44;0.6500;65.00;57.27;228091500;34
FROTO;02042012;5.95;1.0000;100.00;95.10;350910000;53
FROTO;27102011;4.47;0.6190;61.90;55.55;217213290;43
FROTO;01042011;5.83;0.8600;86.00;75.97;301782600;60
FROTO;27102010;2.96;0.4000;40.00;36.88;140364000;42
FROTO;01042010;6.73;0.7400;74.00;62.90;259673400;78
FROTO;22112009;9.35;0.8700;87.00;87.00;305291700;70
FROTO;02042009;5.65;0.2600;26.00;26.00;91236000;21
FROTO;14102008;9.02;0.5500;55.00;55.00;193000500;40
FROTO;09042008;5.60;0.7000;70.00;70.00;245637000;51
FROTO;10102007;4.37;0.5950;59.50;59.50;208791450;42
FROTO;04042007;4.44;0.5500;55.00;55.00;193000500;39
FROTO;05092006;8.12;0.8850;88.50;86.56;310539116;78
FROTO;02042006;3.33;0.4000;40.00;40.00;140364000;35
FROTO;26122005;1.95;0.2300;23.00;20.70;80709300;19
FROTO;29092005;5.43;0.5400;54.00;54.00;189491400;43
FROTO;31032005;5.61;0.6000;60.00;60.00;175455000;40
FROTO;30082004;1.67;0.1876;18.76;18.76;54846369;19
FROTO;19052004;2.29;0.2000;20.00;19.31;58485000;21
FROTO;19041998;5.64;11.0000;1100.00;1100.00;15317500;A/D
FROTO;06041997;5.01;4.0108;401.08;401.08;5294256;A/D
SAHOL;02042025;3.57;3.0000;300.00;255.00;6301127908;A/D
SAHOL;02052024;3.19;2.9430;294.30;264.87;6181406477;28
SAHOL;03042023;4.42;1.7500;175.00;157.50;3570706879;9
SAHOL;01042022;4.27;0.7500;75.00;67.50;1530302948;13
SAHOL;05042021;3.79;0.3500;35.00;29.75;714141376;15
SAHOL;01042020;4.41;0.3300;33.00;28.05;673333297;18
SAHOL;03042019;3.82;0.3000;30.00;25.50;612121179;16
SAHOL;03042018;2.87;0.3000;30.00;25.50;612121179;18
SAHOL;03042017;2.00;0.2000;20.00;17.00;408080786;15
SAHOL;01042016;1.54;0.1500;15.00;12.75;306060590;14
SAHOL;31032015;1.07;0.1000;10.00;8.50;204040393;10
SAHOL;02042014;1.18;0.1000;10.00;8.64;204040393;12
SAHOL;01042013;0.92;0.1000;10.00;8.50;204040393;11
SAHOL;09052012;1.47;0.1000;10.00;8.50;204040393;11
SAHOL;11052011;1.92;0.1500;15.00;12.75;306060590;18
SAHOL;13052010;1.52;0.1000;10.00;8.50;204040393;16
SAHOL;14052009;1.67;0.0750;7.50;6.38;135000000;11
SAHOL;22052008;2.21;0.1000;10.00;8.50;180000000;19
SAHOL;20052007;1.56;0.1000;10.00;8.50;180000000;36
SAHOL;14052006;1.26;0.0700;7.00;6.30;126000000;18
SAHOL;11052005;2.19;0.1000;10.00;9.00;120000000;17
SAHOL;17052004;3.29;0.1340;13.40;12.06;134000000;16
SAHOL;09042003;1.39;0.0500;5.00;5.00;40000000;54
SAHOL;09042000;0.71;0.0800;8.00;8.00;10000000;A/D
SAHOL;30051999;0.50;0.0500;5.00;5.00;6250000;A/D
SAHOL;20051998;0.76;0.1300;13.00;13.00;6500000;A/D
HEKTS;02122019;2.28;0.1667;16.67;14.17;37928502;36
HEKTS;01122017;5.35;0.3805;38.05;32.34;28865763;98
HEKTS;30112016;7.44;0.2721;27.21;23.13;20643437;85
HEKTS;26112015;8.16;0.2400;24.00;20.40;18203898;82
HEKTS;27112014;6.89;0.1854;18.54;15.76;14061011;78
HEKTS;31052013;9.87;0.2112;21.12;17.95;16021005;80
HEKTS;30052012;10.07;0.1440;14.40;12.24;10920769;85
HEKTS;30052011;8.19;0.1572;15.72;13.36;11923858;83
HEKTS;28052010;5.06;0.0658;6.58;5.59;4989245;86
HEKTS;30052008;9.63;0.1252;12.52;10.64;8053838;82
HEKTS;01042007;7.73;0.0750;7.50;6.38;4825104;90
HEKTS;29051997;9.27;0.4820;48.20;48.20;447296;A/D
KRDMD;28112023;0.44;0.1096;10.96;9.87;85551078;11
KRDMD;21062023;0.56;0.1096;10.96;9.87;85551078;11
KRDMD;28112022;2.96;0.4386;43.86;39.47;342204316;13
KRDMD;28062022;3.44;0.4386;43.86;39.47;342204316;13
KRDMD;27112019;5.35;0.1316;13.16;11.18;102599719;18
KRDMD;26062019;5.70;0.1316;13.16;11.18;102599719;18
KRDMD;10122015;3.75;0.0439;4.39;3.73;34220400;14
KRDMD;30062015;2.72;0.0439;4.39;3.73;34220478;14
KRDMD;29052012;6.39;0.0569;5.69;4.84;34220650;27
KCHOL;10042025;4.46;6.8800;688.00;584.80;17446978584;1214
KCHOL;24042024;3.70;8.0000;800.00;720.00;20287184400;19
KCHOL;27032023;2.20;1.7330;173.30;155.97;4394711321;6
KCHOL;07042022;2.27;0.9020;90.20;81.18;2287380041;15
KCHOL;14042021;3.16;0.5850;58.50;49.73;1483500359;16
KCHOL;06042020;1.53;0.2095;20.95;17.81;531270642;12
KCHOL;01042019;2.47;0.3980;39.80;33.83;1009287424;18
KCHOL;02042018;2.11;0.3455;34.55;29.37;876152776;18
KCHOL;06042017;2.04;0.3259;32.59;27.71;826449175;24
KCHOL;12042016;2.03;0.2910;29.10;24.74;737946333;21
KCHOL;07042015;1.57;0.1970;19.70;16.75;499571916;18
KCHOL;09042014;1.70;0.1603;16.03;14.12;406504457;15
KCHOL;17042013;1.75;0.1870;18.70;16.44;474212935;20
KCHOL;20042012;1.87;0.1267;12.67;11.04;306000000;14
KCHOL;14042011;2.83;0.2277;22.77;21.69;550000000;32
KCHOL;03052010;2.23;0.1284;12.84;12.84;310000000;22
KCHOL;29052005;1.74;0.1000;10.00;10.00;100000000;20
KCHOL;30052004;0.87;0.0540;5.40;5.40;42646500;11
KCHOL;06052001;0.19;0.1000;10.00;10.00;6410000;15
KCHOL;30052000;0.15;0.1500;15.00;15.00;4808000;A/D
KCHOL;23051999;0.30;0.2000;20.00;20.00;3205110;A/D
KCHOL;24051998;0.35;0.2000;20.00;20.00;3205110;A/D
KCHOL;25051997;0.56;0.1500;15.00;15.00;1622850;A/D
KOZAL;14072023;1.47;0.4000;40.00;36.00;1281000000;A/D
KOZAL;07072022;0.09;0.1755;17.55;15.79;2676271300;89
KOZAL;01042015;3.49;0.9836;98.36;83.61;150000007;30
KOZAL;03092014;4.29;1.0000;100.00;85.00;152500000;31
KOZAL;04042014;4.53;0.8899;88.99;75.64;135708027;27
KOZAL;14052013;2.66;0.8604;86.04;73.13;131208652;21
KOZAL;15052012;1.83;0.6219;62.19;52.86;94834452;21
KOZAL;06052011;0.63;0.1476;14.76;12.55;22514827;10
KOZAL;24052010;1.19;0.4583;45.83;38.96;27500000;19
MGROS;28052025;1.38;6.9040;690.40;586.84;1250000000;18
MGROS;13112024;0.64;2.8721;287.21;258.49;520000000;4
MGROS;27052024;1.48;6.9040;690.40;621.36;1250000000;10
MGROS;30052023;1.50;2.6070;260.70;234.63;472000000;5
MGROS;28052010;3.93;1.1000;110.00;93.50;195833000;181
MGROS;04082009;50.45;14.0000;1400.00;1190.00;2492420000;1873
MGROS;01052008;2.88;0.5926;59.26;50.37;105494955;19
MGROS;14052007;1.41;0.2269;22.69;19.29;40000000;51
MGROS;15052005;1.44;0.1500;15.00;14.73;20655000;28
MGROS;19052004;1.94;0.1300;13.00;13.00;17901000;25
MGROS;29042003;0.72;0.1000;10.00;10.00;5508000;45
MGROS;15122002;0.00;0.0000;0.00;0.00;0;A/D
MGROS;05052002;0.60;0.5000;50.00;50.00;4590000;26
MGROS;30052001;0.69;0.5000;50.00;50.00;4590000;61
MGROS;24052000;0.41;1.5000;150.00;150.00;4590000;A/D
MGROS;30051999;0.58;3.0000;300.00;300.00;3060000;A/D
MGROS;28051998;0.42;1.0000;100.00;100.00;945000;A/D
MGROS;29051997;0.31;0.5000;50.00;50.00;270000;A/D
PGSUS;Açıklanmadı;0.00;0.0000;0.00;0.00;0;A/D
PETKM;03052018;5.25;0.3600;36.00;30.60;540000000;39
PETKM;14042017;7.95;0.4000;40.00;34.00;600000000;83
PETKM;27062016;8.06;0.3150;31.50;26.78;472500000;75
PETKM;01072014;1.53;0.0470;4.70;4.00;47000000;96
PETKM;28052012;3.03;0.0558;5.58;4.74;55800000;55
PETKM;30042000;0.60;0.1250;12.50;12.50;14625000;A/D
PETKM;02051999;0.88;0.0600;6.00;6.00;7020000;A/D
PETKM;30041998;5.71;9.8500;985.00;985.00;29550000;A/D
PETKM;22051997;12.08;6.4000;640.00;640.00;19200000;A/D
PETKM;03041996;11.53;6.6880;668.80;668.80;20064000;A/D
SASA;17062019;3.75;0.2520;25.20;21.42;152454858;26
SASA;14042017;5.76;0.2563;25.63;21.78;93879027;69
SASA;15042001;7.18;0.7900;79.00;79.00;11391800;75
SASA;02051999;1.95;0.2000;20.00;20.00;1442000;A/D
SASA;27051998;8.45;0.8660;86.60;86.60;6243860;A/D
SASA;21051997;9.42;0.5560;55.60;55.60;2863400;A/D
TAVHL;25032020;6.91;1.0804;108.04;91.83;392491240;17
TAVHL;20032019;8.06;2.0854;208.54;177.26;757586828;52
TAVHL;28032018;4.44;1.1186;111.86;95.08;406371529;57
TAVHL;22032017;4.43;0.6825;68.25;58.02;247951841;58
TAVHL;22032016;5.46;0.9567;95.67;81.32;347560013;55
TAVHL;05052015;3.54;0.8425;84.25;71.61;306052865;48
TAVHL;25032014;3.29;0.5478;54.78;46.56;199005469;59
TAVHL;31052013;3.28;0.3934;39.34;33.44;142914844;48
TAVHL;15052012;2.60;0.2500;25.00;21.25;90820312;74
TOASO;03042025;6.71;12.0000;1200.00;1020.00;6000000000;104
TOASO;04042024;7.27;20.0000;2000.00;1800.00;10000000000;46
TOASO;21032023;3.28;6.0000;600.00;540.00;3000000000;32
TOASO;22032022;7.96;6.4000;640.00;576.00;3200000000;98
TOASO;23032021;8.87;3.0000;300.00;255.00;1500000000;84
TOASO;25032020;13.25;2.4000;240.00;204.00;1200000000;81
TOASO;19032019;8.22;1.7600;176.00;149.60;880000000;66
TOASO;21032018;5.67;1.6000;160.00;136.00;800000000;62
TOASO;03042017;2.57;0.7000;70.00;59.50;350000000;36
TOASO;07042016;3.32;0.7300;73.00;62.05;365000000;44
TOASO;03042015;5.86;0.9700;97.00;82.45;485000000;84
TOASO;04042014;5.08;0.6500;65.00;55.25;325000000;75
TOASO;05042013;7.90;0.9600;96.00;81.60;480000000;109
TOASO;06042012;6.33;0.5000;50.00;42.50;250000000;53
TOASO;07042011;5.62;0.5000;50.00;42.50;250000000;65
TOASO;05042010;4.44;0.2600;26.00;22.10;130000000;36
TOASO;13042009;3.81;0.0720;7.20;6.12;36000000;20
TOASO;12052008;3.66;0.1800;18.00;15.50;90000000;51
TOASO;13052007;2.07;0.1200;12.00;10.50;60000000;73
TOASO;14052006;2.42;0.1000;10.00;9.84;50000000;35
TOASO;01052005;3.60;0.0667;6.67;6.67;30000000;89
TOASO;29051997;2.04;0.1430;14.30;14.30;1201200;A/D
TCELL;26122025;1.87;1.8182;181.82;154.55;4000000000;15
TCELL;20062025;1.87;1.8182;181.82;154.55;4000000000;15
TCELL;05122024;3.03;2.8532;285.32;256.79;6276998060;35
TCELL;20122023;1.88;1.0273;102.73;92.45;2260000000;33
TCELL;26072022;3.22;0.5717;57.17;51.45;1257774540;25
TCELL;27102021;2.49;0.3918;39.18;33.30;861928980;20
TCELL;30072021;2.53;0.3918;39.18;33.30;861928980;20
TCELL;30042021;2.52;0.3918;39.18;33.30;861928980;20
TCELL;30112020;2.35;0.3689;36.89;31.36;811621800;25
TCELL;31102019;3.57;0.4591;45.91;39.02;1010000000;50
TCELL;17122018;2.33;0.2879;28.79;24.47;633333360;32
TCELL;17092018;2.57;0.2879;28.79;24.47;633333360;32
TCELL;18062018;2.48;0.2879;28.79;24.47;633333360;32
TCELL;15122017;2.93;0.4545;45.45;38.63;1000000000;66
TCELL;15092017;3.52;0.4545;45.45;38.63;1000000000;66
TCELL;15062017;3.78;0.4545;45.45;38.63;1000000000;66
TCELL;06042015;13.17;1.7841;178.41;151.67;3924999980;210
TCELL;17052010;4.46;0.3906;39.06;39.06;859259101;50
TCELL;18052009;6.09;0.4992;49.92;49.92;1098193226;47
TCELL;20052008;3.09;0.2949;29.49;29.49;648713951;37
TCELL;15042007;3.39;0.2577;25.77;25.77;567039784;45
TCELL;28052006;3.76;0.2745;27.45;27.45;509075181;47
TCELL;16052005;1.91;0.1696;16.96;16.96;250127565;40
TCELL;20062004;1.39;0.2363;23.63;23.63;118158605;11
TUPRS;30092025;5.67;7.4216;742.16;630.84;14300000000;71
TUPRS;28032025;5.47;7.7849;778.49;661.72;15000000000;74
TUPRS;27092024;7.02;11.9369;1193.69;1074.32;23000000000;30
TUPRS;03042024;5.90;10.3799;1037.99;934.19;20000000000;26
TUPRS;29092023;4.59;7.5254;752.54;677.29;14500000000;24
TUPRS;10032023;7.11;45.4122;4541.22;4087.10;12500000011;20
TUPRS;28032019;10.59;15.1500;1515.00;1287.75;3793850880;102
TUPRS;29032018;11.23;13.6030;1360.30;1156.26;3406452378;89
TUPRS;04042017;6.97;6.2180;621.80;528.53;1557106586;87
TUPRS;06042016;8.25;6.5000;650.00;552.50;1627724800;64
TUPRS;02042014;3.52;1.5820;158.20;134.47;396163174;33
TUPRS;04042013;7.10;3.8500;385.00;327.25;964113920;66
TUPRS;06042012;8.76;3.9326;393.26;334.27;984798546;79
TUPRS;04042011;6.46;2.9784;297.84;253.16;745848545;101
TUPRS;06042010;7.19;2.5000;250.00;214.40;626048000;77
TUPRS;01042009;13.86;2.3140;231.40;197.16;579470029;134
TUPRS;01052008;12.13;4.1850;418.50;355.73;1048004352;81
TUPRS;30052007;7.92;2.6345;263.45;223.93;659729382;80
TUPRS;30052006;7.04;1.9362;193.62;174.96;484868221;71
TUPRS;04052005;11.74;2.1245;212.45;191.21;532024358;81
TUPRS;19042004;12.06;1.4226;142.26;128.00;356259659;86
TUPRS;10042003;6.51;0.5988;59.88;57.47;149939887;86
TUPRS;04042002;7.52;0.5567;55.67;55.26;139401932;74
TUPRS;30042001;7.77;2.9130;291.30;280.30;217748323;90
TUPRS;06032000;5.74;2.4409;244.09;233.70;182462686;A/D
TUPRS;04041999;1.67;0.4426;44.26;44.26;33082036;A/D
THYAO;02092025;1.20;3.4420;344.20;292.57;4750000000;4
THYAO;16062025;1.20;3.4420;344.20;292.57;4750000000;4
THYAO;30052013;1.64;0.1444;14.44;12.27;173280000;15
THYAO;21052009;6.26;0.5669;56.69;48.19;99213754;9
GARAN;28032025;3.57;4.3893;438.93;373.09;18434998680;20
GARAN;29032024;4.36;3.1190;311.90;280.71;13099758000;15
GARAN;14042023;7.09;2.0896;208.96;188.07;8776373677;15
GARAN;25052022;2.06;0.3113;31.13;28.01;1307330640;10
GARAN;05042021;2.11;0.1485;14.85;12.62;623799960;10
GARAN;24042018;4.14;0.4167;41.67;35.42;1750014000;28
GARAN;24042017;3.10;0.2976;29.76;25.30;1250004000;25
GARAN;25042016;1.60;0.1350;13.50;11.48;567000000;17
GARAN;27042015;1.56;0.1350;13.50;11.48;567000000;15
GARAN;21042014;1.27;0.1012;10.12;8.60;425000100;13
GARAN;06052013;1.36;0.1420;14.20;12.07;596484000;19
GARAN;28052012;2.44;0.1429;14.29;12.14;600000000;20
GARAN;11042011;1.74;0.1357;13.57;11.54;570000000;18
GARAN;12042010;1.06;0.0833;8.33;7.08;350000000;12
GARAN;10092009;1.20;0.0655;6.55;5.57;275000000;16
GARAN;23042007;0.70;0.0500;5.00;4.25;105000000;10
GARAN;11042006;1.01;0.0500;5.00;4.52;105000000;14
GARAN;01041997;9.04;0.7864;78.64;78.64;14156000;A/D
ISCTR;28032025;1.46;0.1821;18.21;15.48;5162078805;11
ISCTR;01042024;2.54;0.2891;28.91;26.02;7226446328;10
ISCTR;03042023;7.12;0.9230;92.30;83.07;9230408309;15
ISCTR;29032022;3.50;0.2993;29.93;26.94;1212078829;9
ISCTR;02042021;2.96;0.1514;15.14;12.86;681082770;10
ISCTR;03042018;4.16;0.2949;29.49;25.06;1326941704;21
ISCTR;04042017;3.90;0.2612;26.12;22.20;1175280565;25
ISCTR;30032016;3.64;0.1713;17.13;14.56;770662506;25
ISCTR;01042015;2.65;0.1553;15.53;13.20;699024890;21
ISCTR;01042014;2.60;0.1233;12.33;10.48;554727052;18
ISCTR;01042013;2.12;0.1478;14.78;12.57;665259365;20
ISCTR;02042012;2.75;0.1206;12.06;10.25;542616499;20
ISCTR;01042011;3.11;0.1535;15.35;13.05;690869446;23
ISCTR;01042010;3.62;0.1789;17.89;15.21;550988911;23
ISCTR;01042009;1.60;0.0600;6.00;5.10;165393300;11
ISCTR;01042008;4.33;0.2137;21.37;18.16;588973120;35
ISCTR;01042007;2.17;0.1451;14.51;12.34;400029333;28
ISCTR;02042006;1.39;0.1558;15.58;14.05;306850219;26
ISCTR;01042005;1.62;0.1265;12.65;11.41;207600688;24
ISCTR;01042004;1.63;0.0962;9.62;8.93;137225627;32
ISCTR;27052001;1.65;0.1667;16.67;15.93;93148126;36
ISCTR;28052000;1.62;0.2840;28.40;27.00;79201000;A/D
ISCTR;23051999;4.45;0.4050;40.50;40.50;51385995;A/D
ISCTR;24051998;3.27;0.4008;40.08;40.08;20291576;A/D
ISCTR;29041997;0.91;0.4005;40.05;40.05;3992985;A/D
SISE;30052025;1.91;0.6529;65.29;55.50;2000000000;36
SISE;31052024;1.35;0.7182;71.82;64.64;2199999722;9
SISE;31052023;1.63;0.6856;68.56;61.70;2100000000;9
SISE;31052022;1.94;0.4081;40.81;36.73;1250000000;14
SISE;31052021;2.06;0.1632;16.32;13.87;500000000;23
SISE;29052020;2.81;0.1422;14.22;12.09;320000000;17
SISE;31052019;3.31;0.1778;17.78;15.11;400000000;17
SISE;31052018;3.21;0.1333;13.33;11.33;299999925;24
SISE;31052017;2.52;0.1220;12.20;10.37;250000000;34
SISE;31052016;3.62;0.1316;13.16;11.18;250000000;35
SISE;29052015;1.49;0.0529;5.29;4.50;90000000;22
SISE;30052014;1.57;0.0452;4.52;3.84;70999931;16
SISE;31052013;1.47;0.0473;4.73;4.02;70995000;A/D
SISE;31052012;1.52;0.0400;4.00;3.40;52000000;A/D
SISE;31052011;0.92;0.0400;4.00;3.40;45760000;A/D
SISE;14052007;2.99;0.1500;15.00;12.78;63525000;32
SISE;30052005;2.13;0.0720;7.20;7.20;30492000;16
SISE;29062004;2.56;0.0716;7.16;7.16;20400000;12
SISE;30051999;2.75;0.1400;14.00;14.00;3234000;A/D
SISE;31031998;2.26;0.1940;19.40;19.40;3585120;A/D
TTKOM;28042022;11.37;1.4156;141.56;127.40;4954565000;86
TTKOM;01102021;2.38;0.1783;17.83;15.16;624178100;20
TTKOM;01072021;2.69;0.1783;17.83;15.16;624178100;20
TTKOM;01042021;2.63;0.1783;17.83;15.16;624178100;20
TTKOM;28072020;2.10;0.1719;17.19;14.61;601650000;25
TTKOM;30052016;3.91;0.2402;24.02;20.42;840861000;93
TTKOM;28052015;6.90;0.5260;52.60;44.71;1840853000;92
TTKOM;28052014;4.18;0.2606;26.06;22.15;912131150;70
TTKOM;29052013;8.13;0.6895;68.95;58.61;2413279750;92
TTKOM;29052012;7.61;0.5419;54.19;46.06;1896525385;92
TTKOM;30052011;8.05;0.6411;64.11;54.50;2243960909;92
TTKOM;24052010;8.41;0.4542;45.42;38.61;1589712275;85
TTKOM;27052009;9.06;0.4258;42.58;36.19;1490156977;85
TTKOM;02062008;17.04;0.7840;78.40;66.60;2743604970;109
ULKER;19062025;7.17;8.0698;806.98;685.94;2979999983;37
ULKER;25052021;3.55;0.8088;80.88;68.75;276599990;26
ULKER;19122018;1.70;0.2573;25.73;21.87;87999986;22
ULKER;12042017;1.05;0.1871;18.71;15.91;64000000;23
ULKER;05042016;1.32;0.2749;27.49;23.36;94000000;32
ULKER;07042015;1.35;0.2749;27.49;23.36;94000000;44
ULKER;07042014;2.55;0.3889;38.89;33.06;133000004;71
ULKER;08042013;3.26;0.4386;43.86;37.28;150001200;90
ULKER;28052012;12.22;0.8187;81.87;69.59;280000000;43
ULKER;27052011;0.89;0.0517;5.17;4.39;17966878;10
ULKER;31052010;1.16;0.0403;4.03;3.42;14000000;14
ULKER;29052009;0.47;0.0112;1.12;0.95;3012377;19
ULKER;30052008;3.46;0.0906;9.06;7.70;24341241;21
ULKER;30052007;1.80;0.1002;10.02;8.51;24150000;27
ULKER;30052006;2.06;0.0871;8.71;7.84;21000000;32
ULKER;30052005;2.23;0.0838;8.38;7.54;20000000;36
ULKER;29062004;0.33;0.0182;1.82;1.75;3940963;9
ULKER;29052003;1.65;0.1000;10.00;10.00;1370250;A/D
ULKER;30052002;2.00;0.0701;7.01;6.62;960107;A/D
ULKER;01072001;1.07;0.1182;11.82;11.26;810000;A/D
ULKER;31072000;0.81;0.0949;9.49;9.49;650000;A/D
ULKER;27051999;6.67;0.5000;50.00;50.00;1370250;A/D
ULKER;28051998;5.00;1.0000;100.00;100.00;685125;A/D
ULKER;09051997;0.49;0.2256;22.56;22.56;154545;A/D
ULKER;26031997;0.37;0.1974;19.74;19.74;45092;A/D
YKBNK;03042024;4.16;1.2076;120.76;108.69;10200999547;15
YKBNK;20032023;8.32;0.9365;93.65;84.29;7910999720;15
YKBNK;13042022;2.29;0.1184;11.84;10.65;1000000000;10
YKBNK;01042021;2.69;0.0592;5.92;5.03;500000000;10
YKBNK;30032015;2.24;0.0920;9.20;7.82;400000010;19
YKBNK;02042014;2.17;0.0893;8.93;7.59;387999975;12
YKBNK;08042013;1.31;0.0690;6.90;5.87;300000000;16
